"V1","V2","V3","V4","V5","V6","V7","V8","V9","V10","V11","V12","V13","V14","V15","V16","V17","V18","V19","V20"
c("-2.6", "36", "-0.268", "0.23", "-0.08", "-0.13", "-0.02808", "-0.0479", "-2.51", "-0.13", "-2.72", "-0.13", "11789", "-0.12", "-0.08", "-3.28", "-3.51", "-0.38", "-0.48", "-0.2", "-0.17", "-0.15", "0.5", "-2.9", "-0.1", "0.1", "0.8", "1", "0.8", "-0.1", "0.1", "-0.1", "4.7", "4.7", "4.8", "0.001461", "-0.13571", "-0.02226", "-0.06711", "-0.01427", "-0.00347", "-1.65", "-0.94", "0.12", "-2.52", "-0.57", "0.12"),c("1.26", "1.17", "0.47"),c("0.55", "0.84", "0.3"),c("0.76", "0.9", "0.62"),c("-1.54", "-0.81", "-1.6"),c("1.14", "1.16", "0.45"),c("1.57", "1.44", "0.61"),c("-0.78", "0.1", "-0.24"),c("0.44", "0.69", "0.07"),c("-1.59", "-0.81", "-1.64"),c("-1.64", "-0.78", "-1.63"),c("1.91", "1.16", "0.62"),c("-0.9", "-0.22", "-1.03"),c("-0.187", "0", "-2.6", "0.2", "-1.49", "-0.67", "-1.55"),c("1.759", "-1", "-2.9", "-0.2", "0.28", "0.61", "-0.11"),c("0.088", "-0.8", "-3.2", "-0.3", "0.2", "0.47", "-0.1"),c("3.336", "-1.1", "-3.3", "-0.7", "-0.04", "0.36", "-0.34"),c("-0.099", "-0.6", "-3.3", "0", "-0.92", "-0.72", "-1.44"),c("0.112", "-0.5", "-2.5", "-0.2", "-0.75", "-0.37", "-0.39"),c("3.09", "-1", "-2.8", "-0.6", "-1.45", "-0.43", "-1.55")
c("-3.4", "20", "0.529", "-0.106", "0.237", "0.07", "0.43", "0.01438", "0.1049", "-1.5", "0.44", "-1.83", "0.3", "5205", "0.24", "0.18", "-2.56", "-3.26", "0.16", "-0.2", "0.27", "0.03", "-0.16", "0.2", "-1.6", "-2.4", "-3.5", "0.5", "0.3", "-0.8", "0.6", "0.4", "0.3", "0.6", "0.5", "0.3", "5.5", "5.5", "5.5", "-0.002511", "0.37121", "0.09517", "0.06154", "0.00319", "0.00335", "0.02", "0.56", "0.98", "-1.24", "0.23", "0.56"),c("-4.3", "14", "3.717", "-0.145", "0.23", "0.11", "0.0543", "0.0306", "-1.39", "0.11", "-1.55", "0.12", "1558", "0.19", "0.03", "-2.03", "-3.98", "-0.26", "-0.11", "0.13", "1.01", "0.65", "-0.9", "-2.9", "0.2", "-0.4", "-0.1", "-0.1", "-0.3", "0.4", "-0.2", "-0.8", "6.5", "6.6", "6.7", "0.009875", "0.23245", "0.07551", "-0.08474", "-0.07401", "-0.00407", "1.08", "1.79", "1.65", "0.03", "0.79", "1.18"),c("2.31", "1.16", "0.76"),c("0.79", "0.6", "0.39"),c("-0.67", "-0.21", "-0.41"),c("2.54", "1.26", "0.92"),c("0.72", "1.12", "0.76"),c("1.09", "1.09", "0.52"),c("0.94", "1.16", "0.51"),c("-0.01", "-0.04", "-0.3"),c("0.01", "-0.09", "0.13"),c("3.68", "2.37", "1.58"),c("0.89", "0.47", "0.88"),c("-0.899", "-0.4", "-3.9", "-0.1", "-0.05", "-0.04", "-0.07"),c("1.278", "-0.7", "-3.3", "0.3", "1.37", "1.22", "0.6"),c("-0.577", "-0.1", "-3.2", "0.4", "0.83", "1.05", "0.65"),c("3.643", "0", "-2.9", "0.5", "1.35", "0.92", "0.37"),c("-0.811", "-0.8", "-4.2", "0.2", "0", "-0.09", "0.14"),c("-0.547", "-0.4", "-3.2", "0.2", "0.33", "0.06", "0.32"),c("3.248", "-0.2", "-2.7", "0.5", "0.44", "0.32", "0.17")
c("-3.1", "39", "0.01", "-0.818", "0.159", "-0.14", "0.28", "0.09084", "0.1049", "-1.44", "0.28", "-1.84", "0.1", "6465", "0.15", "0.07", "-2.59", "-2.06", "0.31", "-0.21", "0.24", "0.33", "1.01", "0.3", "-0.8", "-2.8", "-3.4", "0.1", "0.1", "0.4", "0.9", "0.8", "0.7", "0.7", "0.4", "0.1", "5", "5.2", "4.9", "0.003323", "0.25935", "0.02956", "0.09263", "0.03854", "0.00391", "-0.25", "0.59", "0.69", "-1.22", "-0.28", "0.59"),c("-4.1", "34", "1.153", "-1.53", "-0.303", "0.04", "-0.14", "-0.0321", "-0.015", "-1.41", "-0.13", "-1.64", "-0.16", "3325", "0.1", "-0.08", "-2.19", "-2.67", "-0.02", "0.24", "0.02", "0.82", "0.14", "-0.8", "-1.5", "-3.2", "-4.9", "0", "-0.5", "-0.1", "0", "0", "-0.2", "0.1", "-0.3", "-0.8", "5.5", "6.1", "6", "-0.006728", "-0.2705", "-0.20477", "-0.15773", "-0.05011", "-0.00739", "0.25", "2.21", "1.16", "-0.8", "0.74", "0.83"),c("-3.2", "22", "0.13", "-0.206", "-0.86", "-0.53", "-0.07726", "-0.0917", "-1.59", "-0.53", "-1.68", "-0.39", "2605", "-0.06", "-0.26", "-2.24", "-1.99", "-0.4", "-0.18", "-0.04", "-0.68", "-0.45", "-0.7", "-3.6", "-0.4", "-0.7", "0.1", "0.1", "-0.2", "0.6", "0.1", "-0.6", "5.4", "5.6", "6.1", "-0.001962", "-0.61455", "-0.4372", "-0.17967", "-0.03011", "-0.01002", "0.14", "1.82", "1.16", "-0.48", "0.57", "0.83"),c("0.77", "1.22", "0.87"),c("-0.9", "-0.06", "-0.68"),c("0.46", "1.23", "0.52"),c("3.06", "1.45", "1"),c("-0.16", "0.96", "-0.07"),c("0.63", "0.88", "0.32"),c("-0.33", "0.26", "-0.31"),c("0.2", "0.12", "-0.08"),c("2.43", "1.48", "0.87"),c("0.99", "0.32", "0.29"),c("-0.865", "-0.4", "-3.7", "-0.1", "0.63", "0.03", "-0.17"),c("2.952", "-0.6", "-3", "0.3", "0.54", "1.14", "0.57"),c("-0.542", "-0.1", "-3", "0.3", "0.24", "0.73", "0.11"),c("8.76", "0", "-2.7", "0.6", "0.63", "0.62", "0.19"),c("-0.777", "-0.8", "-4", "0.1", "0.11", "0.62", "0.04"),c("-0.513", "-0.6", "-3.1", "0.3", "-0.19", "0.53", "0.24"),c("7.54", "-0.1", "-2.4", "0.5", "0.23", "0.23", "-0.23")
c("-2.8", "36", "0.926", "-0.784", "0.14", "0.1", "0.12", "0.01673", "0.1018", "-1.57", "0.12", "-1.7", "0.16", "7836", "0.27", "0.1", "-2.52", "-2.74", "0.02", "-0.39", "0.3", "0.58", "0.62", "0.3", "-0.7", "-2.6", "-3.1", "0.1", "0.2", "0.4", "1.2", "1.1", "0.9", "1", "0.6", "0.1", "4.9", "5", "5", "-0.001348", "0.33397", "0.13313", "0.08686", "0.03348", "0.00414", "-0.06", "0.66", "0.9", "-1.22", "0.15", "0.65"),c("-3.9", "35", "5.172", "-1.496", "-0.527", "-0.15", "-0.72", "-0.1196", "-0.1859", "-1.98", "-0.73", "-2.29", "-0.89", "8981", "-0.24", "-0.51", "-2.67", "-3.92", "-0.87", "0.45", "-0.71", "-0.4", "-0.57", "-1.4", "-1.4", "-3.7", "-4.6", "-1.1", "-1", "-0.1", "-0.5", "-0.6", "-0.6", "-0.2", "-0.8", "-1.2", "5.6", "5.6", "6", "0.001974", "-0.78243", "-0.75762", "-0.30946", "-0.04608", "-0.016", "-0.16", "0.76", "0.4", "-1.51", "-0.25", "0.33"),c("-3.1", "31", "1.921", "-1.461", "-0.534", "-0.12", "-0.3", "0.07582", "0.0192", "-1.33", "-0.3", "-1.68", "-0.47", "6075", "0.02", "-0.27", "-2.21", "-2.5", "-0.51", "-0.12", "-0.12", "0.28", "-0.53", "-0.6", "-1.4", "-3.3", "-4.3", "-0.6", "-0.6", "-0.2", "0.4", "0", "0", "0.8", "0.2", "-0.6", "5.3", "5.2", "5", "0.007855", "-0.4183", "-0.36779", "-0.15017", "-0.01565", "-0.00825", "0.09", "0.76", "1.06", "-1.17", "0.46", "0.61"),c("-2.7", "24", "6.271", "0.539", "0.6", "0.04", "0.08769", "0.084", "-0.96", "0.04", "-1.21", "-0.08", "2951", "0.29", "-0.09", "-1.85", "-2.47", "-0.07", "-0.65", "0.27", "-0.24", "0.89", "0", "-2.6", "0.3", "-0.3", "0.9", "0.6", "0.2", "1.8", "0.6", "-0.2", "5.4", "5.5", "5", "-0.000531", "0.06704", "-0.21301", "-0.1721", "-0.01488", "-0.00786", "0.53", "1.19", "1.45", "-0.07", "0.69", "1.15"),c("-0.21", "0.58", "-0.46"),c("1.66", "1.88", "0.41"),c("2.22", "2.18", "1.34"),c("0.29", "1.13", "0.56"),c("0.57", "0.69", "-0.51"),c("0.59", "0.43", "-0.23"),c("0.79", "0.65", "0.27"),c("1.13", "0.95", "0.59"),c("1.41", "0.75", "0.6"),c("0.92", "1", "-1.9", "0.3", "0.49", "0.33", "-0.38"),c("4.514", "0.1", "-2", "0.3", "1.7", "1.41", "1.02"),c("1.808", "-0.3", "-3", "-0.5", "1.03", "0.39", "0.08"),c("5.256", "-1", "-3.5", "-0.9", "1.19", "0.54", "0.05"),c("8.223", "0.5", "-2.4", "0.4", "1.85", "-0.1", "-0.48"),c("1.91", "-0.4", "-2.7", "-0.3", "0.18", "0.12", "0.02"),c("5.139", "-1.1", "-3.2", "-0.8", "0.86", "0.77", "0.34")
c("-4.2", "15", "-0.18", "3.084", "0.159", "-0.3", "0", "0.00069", "-0.1085", "-3.38", "0", "-3.57", "0.02", "4306", "-0.33", "0.01", "-3.93", "-3.99", "0", "-0.12", "-0.26", "-0.48", "-0.96", "0.3", "0", "-3.1", "-2.2", "0.1", "0.1", "0", "0.6", "0.6", "0", "-0.3", "-0.2", "-0.5", "5", "5.3", "5.1", "-0.000751", "0.23079", "-0.04411", "0.04917", "0.01382", "0.0018", "-2.04", "-1.75", "-0.83", "-3.4", "-1.19", "-0.74"),c("-5.3", "13", "5.014", "3.368", "0.174", "-0.4", "0.24", "0.1005", "0.0544", "-2.7", "0.24", "-2.57", "0.56", "1120", "0.08", "0.32", "-3.02", "-4.41", "-0.12", "0.17", "0.32", "0.8", "-0.25", "0", "0", "-2.6", "-2.9", "0.4", "0.4", "0.2", "0.7", "0.2", "-0.6", "-0.7", "-0.6", "-0.6", "5.9", "5.6", "6.1", "-0.006062", "0.49103", "0.21192", "0.10341", "-0.02161", "0.01195", "-0.54", "0.78", "0.1", "-0.78", "-0.46", "-0.25"),c("-4.9", "21", "0.245", "7.538", "0.105", "-0.32", "0.13", "0.00943", "-0.0844", "-2.59", "0.13", "-2.59", "0.35", "1549", "-0.01", "0.21", "-3.14", "-1.76", "1.46", "-0.3", "0.28", "-1.89", "0.18", "0", "0.1", "-3.2", "-2.5", "0.3", "-0.1", "0.3", "0.6", "0.5", "-0.5", "0.2", "0.3", "-0.1", "5.7", "5.7", "5.2", "0.006139", "0.32481", "0.05061", "0.02032", "0.00085", "0.00797", "-0.95", "-1", "0.4", "-1.72", "0.21", "-0.07"),c("-4.2", "10", "10.31", "4.533", "-0.137", "0.55", "0.03", "0.01585", "0.1169", "-2.66", "0.03", "-2.41", "0.45", "1584", "0.12", "0.25", "-3.12", "-3.56", "0.06", "-0.49", "0.38", "-0.32", "-0.5", "0", "0.7", "-2.9", "-1.7", "0.3", "0.3", "0.1", "0.8", "0.5", "-0.3", "0.6", "0.3", "0.2", "5.2", "5.4", "5.1", "0.002278", "0.53024", "0.16627", "0.08274", "0.05671", "0.01489", "-1.04", "0.32", "0.12", "-1.34", "0.51", "-0.12"),c("-7.1", "48", "-20", "-0.524", "-1.79", "-1.06", "-0.18164", "-1.0442", "-5.44", "-1.06", "-5.44", "-0.85", "5003", "-1.19", "-0.55", "-4.54", "-7.23", "-2.38", "0", "-1.34", "-2.94", "-2.11", "-2.7", "-6.1", "-3.3", "-0.9", "-1.3", "-1.7", "-2.4", "-2.3", "-1.7", "-1.6", "4.4", "4.3", "4.2", "-0.002544", "-1.79243", "-0.35421", "-0.1711", "-0.03752", "-0.10838", "-2.81", "-3.64", "-2.65", "-3.74", "-3.3", "-2.42"),c("0.48", "-0.24", "0.26"),c("0.87", "0.96", "0.2"),c("-1.67", "-0.26", "-1.03"),c("-0.62", "-0.26", "-0.72"),c("-2.77", "-1.61", "-1.55"),c("-2.32", "-1.77", "-1.71"),c("0.19", "0.8", "0.27"),c("-1.22", "-1.02", "-1.24"),c("-0.525", "-0.5", "-3.8", "0", "-2.67", "-1.47", "-1.7"),c("6.049", "-0.5", "-3.1", "0.3", "-1.62", "-0.31", "-0.5"),c("-0.202", "-0.3", "-3.3", "0.1", "-0.83", "-0.31", "-0.55"),c("14.958", "0.1", "-2.7", "0.5", "-1.14", "-0.49", "-0.97"),c("-0.437", "-0.8", "-4.2", "0.1", "-0.52", "-1.3", "-0.67"),c("-0.173", "-0.6", "-3.3", "0.1", "-1.94", "-0.98", "-1.26"),c("12.775", "-0.3", "-2.7", "0.3", "-2.35", "-1.62", "-1.62")
c("-3.5", "34", "0.017", "-0.443", "-0.008", "-0.11", "0.08", "0.02297", "-0.0457", "-1.7", "0.07", "-1.89", "0.13", "5037", "0.22", "0.09", "-2.67", "-3.65", "0.08", "-0.16", "0.21", "-0.14", "0.16", "0", "-0.9", "-2.7", "-3.5", "0", "0", "0.2", "0.6", "0.6", "0.4", "0.6", "0.4", "0.2", "5", "5.4", "5.3", "0.005029", "0.26575", "0.08891", "0.07189", "0.02023", "0.00343", "0", "0.33", "1.13", "-1.17", "0.63", "0.7"),c("-4.5", "29", "1.212", "-1.156", "0.222", "0.62", "-0.52", "-0.1314", "0.0059", "-1.85", "-0.52", "-1.8", "-0.24", "3062", "0.09", "-0.14", "-2.25", "-4.13", "-0.11", "0.24", "-0.12", "0.5", "1.24", "-0.9", "-1.4", "-2.9", "-4.7", "-0.5", "-0.4", "0", "0.2", "0", "-0.2", "0.2", "-0.4", "-1", "6.1", "6", "6.4", "-0.00121", "-0.25307", "-0.10846", "-0.13486", "-0.02214", "-0.00609", "0.41", "2.15", "1.1", "-0.68", "1.18", "0.94"),c("-3.8", "30", "0.149", "-1.121", "-0.187", "-0.05", "-0.25", "0.04386", "-0.005", "-1.36", "-0.25", "-1.71", "-0.34", "3368", "0.06", "-0.19", "-2.26", "-3", "-0.05", "0.08", "-0.05", "0.87", "0.57", "-0.7", "-1.3", "-3.2", "-4.4", "-0.4", "-0.6", "0", "0.2", "0", "-0.2", "0.8", "0.3", "-0.3", "5.3", "5.9", "5.9", "0.004502", "-0.26143", "-0.29003", "-0.11794", "-0.02505", "-0.00689", "0.2", "1.22", "1.28", "-0.74", "0.92", "0.87"),c("-3.2", "17", "2.021", "11.998", "-0.128", "0.46", "-0.17", "-0.08755", "-0.0728", "-1.26", "-0.18", "-1.46", "-0.17", "3550", "0.24", "-0.1", "-2.09", "-3.15", "0.21", "-0.01", "0.12", "-0.26", "0.78", "-0.3", "-0.1", "-2.7", "-2.9", "0", "-0.3", "0.2", "0.6", "0.2", "0", "1.2", "0.6", "-0.3", "5.3", "5.5", "5.5", "-0.001466", "-0.00061", "-0.22107", "-0.12196", "-0.00434", "-0.00644", "0.15", "1.26", "1.37", "-0.71", "1.37", "0.96"),c("-5", "13", "0.296", "-0.781", "0.487", "-0.49", "0.05", "0.03575", "0.0715", "-2.73", "0.04", "-2.85", "0.17", "1375", "-0.07", "0.1", "-3.31", "-4.37", "0.21", "0.23", "0.04", "-0.84", "-0.54", "-0.2", "-1.5", "-2.9", "-4.8", "0.1", "0.1", "-0.2", "0.3", "0.2", "-0.7", "0.1", "0.3", "0", "5.5", "5.4", "6.1", "0.001387", "0.252", "0.0607", "0.02698", "0.02667", "0.00991", "-0.41", "1.37", "0.14", "-1.97", "-0.3", "-0.05"),c("-3.4", "7", "0.169", "-0.43", "-0.08", "0.29", "0.0197", "-0.055", "-0.89", "0.27", "-1.54", "-0.09", "1253", "0.2", "-0.1", "-1.94", "-4.71", "-0.38", "-0.29", "0.14", "0.73", "0.41", "-0.5", "-2.6", "0", "-0.4", "0.3", "0", "-0.5", "0.8", "0.6", "-0.3", "5.8", "5.4", "6.1", "0.008438", "-0.24068", "-0.25399", "-0.09693", "-0.06601", "-0.00745", "0.59", "1.17", "1.62", "-0.1", "0.93", "1.22"),c("2.56", "1.84", "1.27"),c("0.92", "1.29", "0.56"),c("1.02", "1.31", "0.91"),c("0.11", "0.05", "-0.28"),c("0", "-0.05", "-0.11"),c("2.58", "1.5", "0.98"),c("0.79", "0.41", "0.15"),c("-0.961", "-0.8", "-3.7", "-0.1", "-0.26", "0.2", "-0.3"),c("0.394", "-0.9", "-3", "0.2", "0.53", "1.14", "0.64"),c("-0.638", "-0.6", "-3.2", "0.1", "1.19", "0.86", "0.88"),c("1.098", "-0.3", "-2.7", "0.3", "1.11", "0.62", "0.68"),c("-0.873", "-1.2", "-4.1", "0.1", "0.21", "0.45", "-0.44"),c("-0.609", "-0.8", "-3", "0.1", "0.39", "0.31", "0.66"),c("1.021", "-0.5", "-2.4", "0.3", "0.15", "0.48", "0.15")
c("-3", "27", "0.902", "-0.879", "0.182", "0.03", "0.26", "0.09398", "0.1346", "-1.51", "0.25", "-1.51", "0.3", "5933", "0.38", "0.19", "-2.45", "-2.69", "0.2", "-0.39", "0.43", "0.29", "-0.02", "0.6", "-1.2", "-1.9", "-3.3", "0.5", "0.3", "0.1", "1.2", "1.1", "1", "1", "0.8", "0.4", "5.2", "5", "4.8", "-0.002376", "0.26471", "0.1522", "0.1011", "0.02897", "0.00406", "0.29", "0.82", "1.33", "-0.77", "0.97", "1.32"),c("-4.2", "34", "4.911", "-1.592", "-0.717", "-0.26", "-0.74", "-0.1873", "-0.3511", "-2.07", "-0.75", "-2.27", "-0.92", "8570", "-0.22", "-0.51", "-2.61", "-4.05", "-0.87", "0.37", "-0.75", "-0.91", "-0.7", "-1.5", "-1.7", "-3.2", "-4.5", "-0.9", "-1", "0", "-0.4", "-0.5", "-0.5", "-0.1", "-0.7", "-1.4", "5.7", "5.9", "6.1", "-0.004586", "-0.78607", "-0.73107", "-0.28982", "-0.05432", "-0.01522", "-0.11", "1.05", "0.91", "-1.24", "0.89", "0.54"),c("-3.4", "27", "1.835", "-1.557", "-0.262", "-0.25", "-0.32", "-0.0072", "0.1146", "-1.43", "-0.33", "-1.51", "-0.35", "4550", "0.12", "-0.19", "-2.14", "-2.43", "-0.3", "-0.01", "-0.01", "0.78", "-0.19", "-0.6", "-1.6", "-2.8", "-4.2", "-0.4", "-0.5", "-0.1", "0.5", "0.3", "0.2", "1.2", "0.6", "-0.2", "5.3", "5.6", "5", "-0.003154", "-0.1801", "-0.2905", "-0.09284", "-0.01793", "-0.00681", "0.52", "2.18", "1.33", "-0.67", "1.37", "1.09"),c("-3.3", "38", "6.052", "1.135", "-0.178", "0.68", "-0.15", "-0.00952", "0.1581", "-1.23", "-0.16", "-1.02", "0.06", "4001", "0.44", "0.04", "-1.77", "-2.35", "0.17", "-0.35", "0.4", "0.18", "0.83", "0", "-0.4", "-2", "-2.8", "0.3", "-0.3", "0.1", "0.9", "0.7", "0.5", "2.1", "1.1", "0.1", "5.5", "5.9", "5", "0.002194", "0.24572", "-0.05421", "-0.14442", "-0.00697", "-0.00727", "1.32", "2.11", "1.6", "-0.18", "1.89", "1.48"),c("-4.4", "9", "9.05", "-1.217", "0.121", "0.04", "0.69", "0.02004", "0.155", "-2.08", "0.68", "-2.27", "0.54", "1189", "0.2", "0.31", "-2.97", "-3.02", "0.72", "-0.14", "0.46", "0.16", "0.65", "0.1", "-1.9", "-2.4", "-4.6", "0.8", "0.4", "-0.1", "0.9", "0.8", "-0.2", "0.7", "0.8", "0.6", "5.7", "5.1", "5.7", "0.002791", "0.6636", "0.46641", "0.12837", "0.03232", "0.01832", "-0.38", "0.01", "0.31", "-0.83", "0.3", "0.2"),c("-3.6", "19", "1.926", "-1.653", "-0.728", "0.62", "-0.17", "-0.0372", "-0.0413", "-1.33", "-0.18", "-1.42", "-0.18", "3096", "0.27", "-0.09", "-1.93", "-3.45", "0.03", "-0.05", "0.1", "0.48", "0.28", "-0.4", "-2", "-2.2", "-4.3", "0.2", "-0.3", "-0.2", "0.8", "0.2", "0.1", "1.6", "0.7", "-0.2", "5.4", "5.7", "6.5", "-0.005234", "-0.05835", "-0.22637", "-0.10631", "-0.02655", "-0.00728", "0.47", "2.42", "1.6", "-0.47", "1.25", "1.11"),c("-2.8", "9", "5.832", "1.06", "0.21", "-0.03", "0.0865", "0.1259", "-1.18", "-0.04", "-0.91", "0.12", "1884", "0.46", "0.04", "-1.6", "-2.85", "-0.2", "-0.67", "0.45", "1.03", "1.59", "0.1", "-1.5", "0.6", "-0.4", "1.2", "1", "0.5", "2.3", "1.2", "0.2", "6.1", "6.1", "5.7", "0.006456", "0.51101", "-0.06802", "-0.17005", "-0.08009", "-0.00947", "1.24", "2.58", "1.93", "0.72", "2.34", "2.18"),c("1.15", "1.62", "0.98"),c("0.97", "1.01", "0.58"),c("0.2", "0.33", "0.2"),c("0.31", "0.38", "0.5"),c("1.31", "1.12", "0.67"),c("1.25", "0.82", "1.23"),c("-1.47", "0.6", "-2.3", "0", "0.12", "0.55", "0.58"),c("0.099", "-0.2", "-2.4", "-0.3", "2", "1.54", "1.26"),c("-1.148", "-0.1", "-2.7", "-0.3", "1.09", "0.78", "0.95"),c("0.322", "0.1", "-2.3", "0", "1.13", "0.54", "1.06"),c("-1.382", "0", "-2.8", "-0.1", "0.58", "0.23", "0.04"),c("-1.118", "-0.3", "-2.5", "-0.4", "0.31", "0.52", "0.87"),c("0.449", "0.1", "-1.8", "-0.1", "0.39", "0.86", "0.48")
c("-3.8", "115", "-1.389", "0.282", "-0.09", "-0.07", "0.00253", "0.1844", "-2.15", "-0.07", "-2.31", "-0.1", "17079", "-0.08", "-0.04", "-2.91", "-2.24", "0.08", "-0.29", "-0.03", "0.43", "0.23", "-0.4", "-2.6", "0.1", "-0.1", "1.2", "1.4", "1.2", "0.1", "0.4", "0.3", "4.6", "4.7", "4.5", "-0.003111", "-0.01467", "-0.05662", "0.02605", "0.03371", "0.00106", "-1.74", "-0.4", "-0.22", "-2.84", "-0.64", "0.11"),c("-4.5", "58", "-2.101", "-0.037", "-0.15", "-0.04", "0.0711", "-0.0251", "-1.68", "-0.04", "-1.72", "0.03", "5656", "0.09", "0.03", "-2.43", "-2.71", "-0.1", "0.01", "0.14", "0.12", "0.84", "-0.1", "-3", "0.5", "0.2", "0.2", "0.3", "0.2", "0.7", "0.4", "0.3", "6.7", "6.3", "6.7", "0.002466", "-0.08319", "-0.11493", "-0.05025", "0.00933", "-0.00194", "-0.11", "0.95", "0.72", "-1.25", "0.12", "0.65"),c("-4", "80", "-2.066", "-0.097", "-0.18", "-0.14", "-0.03475", "0.1196", "-1.56", "-0.14", "-1.74", "-0.18", "7319", "-0.01", "-0.09", "-2.41", "-1.63", "-0.09", "-0.18", "0.1", "0.46", "0.12", "-0.1", "-2.8", "-0.1", "0.1", "0.7", "0.6", "0.4", "0.3", "0.2", "0.1", "5.1", "5.6", "5.3", "-0.001649", "-0.37069", "-0.20722", "-0.02792", "-0.00528", "-0.0034", "-0.62", "0.03", "0.27", "-1.69", "0.27", "0.79"),c("-3.7", "83", "0.817", "-0.336", "-0.06", "-0.22", "-0.06461", "0.1115", "-1.62", "-0.23", "-1.59", "-0.11", "8632", "0.11", "-0.06", "-2.34", "-1.84", "0.11", "-0.24", "0.17", "-0.55", "0.37", "0.6", "-1.8", "-0.4", "0.1", "0.8", "0.8", "0.7", "0.5", "0.5", "0.2", "4.5", "4.7", "6.1", "0.001528", "-0.22435", "-0.13454", "-0.01798", "-0.021", "-0.00242", "-0.67", "0.14", "0.47", "-1.64", "0.31", "0.75"),c("-5.4", "53", "-1.726", "-0.187", "-0.42", "-0.08", "-0.01841", "-0.0982", "-3.16", "-0.08", "-3.16", "0.05", "4168", "-0.31", "0.03", "-3.68", "-3.43", "-0.26", "0.11", "-0.09", "0.14", "-0.74", "-0.5", "-3.4", "0.1", "0", "1.3", "0.9", "0.1", "-0.4", "-0.3", "-0.2", "5.5", "5.3", "5.2", "0.001847", "0.20423", "-0.15618", "-0.06868", "-0.02424", "-0.00362", "-2.35", "-1", "-0.95", "-3.17", "-1.37", "-0.56"),c("-4.4", "75", "-2.162", "-0.072", "0.12", "-0.06", "0.02", "0.171", "-1.54", "-0.07", "-1.66", "-0.02", "4918", "0.13", "0", "-2.39", "-3.02", "-0.11", "0.05", "0.2", "-0.08", "-0.36", "-0.7", "-3.1", "-0.1", "-0.1", "0.8", "0.8", "0.5", "0.6", "0.5", "0.2", "5.1", "5.9", "7.2", "-0.000425", "-0.0189", "-0.16506", "-0.02051", "-0.02658", "-0.00242", "-0.01", "0.34", "0.42", "-1.6", "0.38", "0.73"),c("-3.8", "54", "-2.672", "-0.041", "0.4", "0.25", "0.086", "0.2311", "-1.22", "0.24", "-1.22", "0.21", "5248", "0.32", "0.13", "-2.12", "-1.58", "0.5", "-0.37", "0.48", "0.88", "0.48", "0.1", "-2.2", "0.6", "-0.3", "1.1", "1.1", "0.9", "1", "0.9", "0.4", "4.5", "5.6", "5.3", "-0.000113", "0.14922", "-0.01456", "0.04571", "0.0338", "0.00092", "0.37", "0.99", "1.39", "-1.07", "0.98", "1.16"),c("-3.9", "75", "-0.068", "0.04", "-0.38", "-0.1748", "0.2219", "-2.17", "-0.39", "-2.24", "-0.41", "10881", "-0.29", "-0.25", "-2.62", "-1.77", "-0.27", "-0.39", "-0.2", "-0.3", "0.01", "0.3", "1.5", "1.7", "1.1", "0.1", "0.1", "0.1", "3.9", "4.5", "4.5", "0.00099", "-0.48115", "-0.14051", "-0.08089", "-0.02023", "-0.00526", "-1.68", "-1.32", "-0.23", "-2.6", "-0.4", "0.35"),c("0.13", "0.4", "-0.12"),c("-1.4", "-0.48", "-1.58"),c("-1.36", "-0.81", "-1.4"),c("1.58", "1.04", "0.78"),c("-0.9", "-0.62", "-0.46"),c("0.022", "0.5", "-2.4", "0.1", "-1.41", "-0.36", "-1.38"),c("1.048", "-0.4", "-2.6", "-0.3", "0.82", "0.41", "-0.21"),c("0.134", "-0.1", "-2.8", "-0.4", "-0.27", "0.23", "0.05"),c("1.66", "-0.3", "-2.8", "-0.5", "0.21", "-0.04", "-0.26"),c("0.376", "-0.1", "-3", "0.1", "-0.59", "-0.71", "-1.41"),c("0.153", "0", "-2.3", "-0.3", "-1.27", "0.08", "-0.61"),c("1.603", "-0.2", "-2.3", "-0.5", "-1.09", "-0.35", "-1.13")
c("-4", "25", "0.133", "-0.079", "-0.15", "0.34", "0.00916", "0.0266", "-2.09", "0.34", "-2.41", "0.17", "3600", "0.07", "0.11", "-2.95", "-3.29", "0.01", "0.04", "0.21", "0.66", "0.29", "-0.6", "-2.7", "-0.1", "-0.3", "0.4", "0.5", "0.2", "0.4", "0.5", "0", "5.2", "5.2", "5.3", "-0.002432", "0.32413", "0.02143", "0.06456", "0.01652", "0.00321", "-0.48", "-0.75", "0.47", "-1.69", "-0.02", "0.35"),c("-4.9", "17", "-0.476", "0.111", "-0.01", "-0.12", "-0.0218", "-0.0184", "-2.12", "-0.13", "-2.16", "-0.04", "1883", "0.05", "-0.01", "-2.6", "-3.24", "0.35", "0.1", "0.04", "-0.62", "0.36", "-0.1", "-3", "-0.4", "0.4", "-0.1", "-0.1", "-0.4", "0", "-0.4", "-0.9", "5.7", "5.9", "5.5", "0.009985", "-0.10894", "0.02841", "-0.02235", "0.02289", "7e-05", "0.34", "2.19", "0.81", "-0.94", "0.75", "0.47"),c("-4.4", "25", "-0.441", "-0.141", "0.06", "-0.24", "-0.00094", "0.0386", "-2.01", "-0.24", "-2.08", "-0.15", "2053", "0", "-0.08", "-2.6", "-3.05", "-0.52", "-0.14", "0.1", "0.95", "-0.06", "0", "-2.6", "-0.5", "0.4", "0.2", "0", "-0.4", "-0.2", "-0.5", "-0.8", "5.4", "5.5", "5.5", "0.008099", "-0.0042", "-0.22095", "-0.07118", "-0.02616", "-0.00362", "0.1", "0.13", "0.95", "-0.67", "0.68", "0.91"),c("-4.3", "32", "1.554", "-0.27", "-0.06", "-0.39", "-0.0338", "-0.0749", "-2.14", "-0.4", "-2.32", "-0.47", "3603", "-0.1", "-0.27", "-2.7", "-2.93", "0", "0.06", "-0.22", "0.63", "-0.07", "0.1", "-2.3", "-1", "-0.3", "-0.1", "-0.2", "-0.4", "-0.3", "-0.6", "-1", "5.2", "5.8", "5.5", "-0.002501", "-0.47402", "-0.51082", "-0.12234", "0.01351", "-0.00685", "-0.09", "0.68", "0.51", "-1.44", "0.14", "0.29"),c("-5.6", "11", "-0.101", "-0.187", "-0.82", "-0.19", "-0.03699", "-0.0701", "-3.63", "-0.2", "-3.6", "-0.02", "1209", "-0.36", "-0.02", "-3.87", "-4.79", "-0.64", "0", "-0.19", "-2.34", "-0.66", "-0.1", "-3", "-1.2", "0.3", "0.1", "-0.2", "-1.4", "-1.2", "-1.1", "-1.3", "5.4", "5.9", "6", "0.054553", "0.24383", "-0.08947", "-0.05122", "-0.06586", "-0.00424", "-1.21", "-1.37", "-1.56", "-2.31", "-0.58", "-0.83"),c("-4.7", "17", "-0.537", "0.247", "0.05", "-0.02", "0.0522", "-0.0125", "-1.85", "-0.03", "-1.98", "0.03", "1332", "0.15", "0.02", "-2.48", "-4.2", "-0.31", "0.01", "0.22", "0.83", "-0.6", "-0.4", "-2.8", "0.9", "0.1", "0.1", "-0.1", "-0.5", "-0.1", "-0.2", "-0.9", "5.2", "6.2", "6.8", "0.005803", "-0.03046", "-0.13022", "-0.07235", "-0.00106", "-0.00218", "0.43", "1.98", "0.9", "-1.04", "0.73", "0.83"),c("-4.5", "24", "-1.047", "0.072", "-0.53", "-0.45", "-0.1188", "-0.0827", "-2.27", "-0.46", "-2.15", "-0.35", "2800", "0", "-0.19", "-2.49", "-3.15", "-0.1", "0.14", "-0.11", "-0.17", "1.27", "0.2", "-2.2", "-0.9", "-0.3", "0.1", "-0.1", "-0.3", "0", "-0.4", "-1", "5.5", "5.7", "5.8", "-0.007232", "-0.10674", "-0.38576", "-0.08473", "0.01615", "-0.00352", "-0.09", "1.13", "0.89", "-1.17", "0.84", "0.74"),c("-4.7", "40", "0.128", "0.127", "0", "0.2", "0.0876", "0.0979", "-1.94", "0.19", "-2.15", "0.05", "3425", "0", "0.04", "-2.77", "-2.47", "0.01", "0.08", "0.23", "0.19", "0.42", "0", "-2.4", "0.3", "-0.4", "0.7", "0.7", "0.3", "0.5", "0.4", "0.3", "4.5", "5.4", "5.3", "-0.000951", "0.08603", "-0.17065", "-0.00788", "-0.08543", "-0.00394", "-0.42", "0.01", "0.86", "-2.08", "0.41", "0.53"),c("-4.9", "8", "0.392", "0.14", "-0.29", "-0.02649", "5e-04", "-2.78", "-0.3", "-3.05", "-0.48", "1224", "-0.4", "-0.36", "-3.27", "-3.08", "0.38", "0.03", "-0.33", "-3.3", "-2.26", "-1.4", "-0.8", "-0.6", "-1.2", "-0.9", "-1", "-1.5", "5.3", "6", "6.2", "0.001314", "-0.23317", "-0.55055", "-0.36006", "-0.11699", "-0.02024", "-0.4", "1.52", "0.2", "-1.69", "-0.64", "0.28"),c("-0.83", "-0.43", "-0.75"),c("-0.58", "-0.48", "0.03"),c("2.26", "1.31", "1.46"),c("-0.82", "-0.63", "-0.16"),c("-0.177", "0", "-3.2", "0", "-1.01", "-0.41", "-0.49"),c("1.054", "-0.6", "-3.1", "-0.1", "0.53", "0.56", "0.52"),c("0.053", "-0.4", "-3.4", "-0.3", "-0.17", "0.4", "0.31"),c("1.89", "-0.3", "-3.2", "-0.3", "0.02", "0.28", "-0.11"),c("-0.089", "-0.3", "-3.5", "0", "-49", "-0.2", "-1"),c("0.067", "-0.5", "-3.1", "-0.2", "-0.61", "-0.22", "-0.58"),c("1.792", "-0.3", "-2.7", "-0.2", "-0.56", "-0.21", "0.03")
c("-5.9", "119", "-0.096", "-0.535", "-0.64", "-0.22", "-0.10044", "-0.0737", "-4.41", "-0.22", "-4.58", "-0.14", "16465", "-0.37", "-0.07", "-4.18", "-4.45", "-0.08", "-0.1", "-0.35", "-0.79", "-0.85", "-0.7", "-3.2", "-0.6", "-0.1", "-0.6", "-0.3", "-0.3", "-0.4", "-0.1", "-0.4", "5.2", "5.5", "5.5", "-0.002119", "-0.22176", "-0.03193", "-0.10028", "-0.04417", "-0.00746", "-2.09", "-1.99", "-0.58", "-3.27", "-0.94", "-0.45"),c("-6.2", "33", "-0.808", "-0.014", "-0.08", "0.42", "0.0338", "-0.0266", "-3.33", "0.42", "-3.63", "0.35", "4065", "0", "0.2", "-3.42", "-4.29", "0.37", "0.1", "0.18", "0.31", "-0.22", "-0.6", "-3.8", "0.4", "0.1", "-0.2", "-0.2", "-0.2", "-0.4", "-0.2", "-0.6", "5.9", "6.1", "6.2", "0.001034", "0.33584", "0.34774", "0.19111", "0.06128", "0.01401", "-0.77", "0.25", "0.17", "-1.41", "-0.14", "0.05"),c("-5.8", "51", "-0.773", "0.456", "0.39", "0.53", "0.04248", "0.1485", "-2.99", "0.54", "-3.24", "0.55", "3331", "0.14", "0.32", "-3.13", "-3.42", "0.16", "-0.05", "0.55", "0.48", "0.22", "-0.3", "-3.3", "0.7", "0.2", "0.5", "0.4", "0.2", "0.7", "0.7", "0.2", "5.3", "5.7", "5.3", "0.002317", "0.38282", "0.49079", "0.16954", "0.02517", "0.01338", "-0.84", "-0.2", "0.61", "-1.41", "0.31", "0.4"),c("-5.4", "43", "1.786", "0.229", "0.04", "0.59", "0.01813", "0.1892", "-2.91", "0.59", "-3.17", "0.54", "4318", "0.22", "0.31", "-3.09", "-3.46", "0.54", "-0.24", "0.54", "0.19", "-0.18", "0", "-2.8", "0.6", "-0.1", "0.5", "0.6", "0.5", "0.9", "0.9", "0.4", "5.7", "5.6", "6", "0.002659", "0.44972", "0.64069", "0.17048", "0.00868", "0.01451", "-0.65", "1", "0.46", "-1.28", "0.26", "0.47"),c("-7.3", "33", "-0.433", "-0.415", "-0.48", "0.16", "-0.00256", "-0.2235", "-5.03", "0.16", "-5.5", "-0.06", "3830", "-0.64", "-0.04", "-4.9", "-5.53", "-0.3", "0", "-0.48", "-0.26", "-1.02", "-0.6", "-3.8", "-1.1", "0.1", "-0.5", "-0.5", "-0.8", "-0.2", "-0.2", "-0.8", "5.2", "5.5", "5.9", "0.002965", "0.12534", "0.08276", "0.00854", "0.04323", "-0.00508", "-2.99", "-2.44", "-1.17", "-3.73", "-1.7", "-1.27"),c("-5.9", "29", "-0.869", "0.02", "-0.39", "0.36", "0.0548", "-0.048", "-3.22", "0.36", "-3.67", "0.2", "3772", "-0.01", "0.12", "-3.3", "-4.65", "0.33", "0.15", "0.14", "0.31", "0.66", "-0.7", "-3.4", "0.3", "0.1", "0.1", "0", "-0.1", "0.3", "0.7", "0", "5.4", "5.7", "6", "-0.001875", "0.20555", "0.31459", "0.13563", "0.04162", "0.01197", "-1", "-0.12", "0.24", "-1.45", "0.07", "0.24"),c("-5.7", "35", "-1.379", "0.385", "-0.2", "0.35", "0.05", "0.1103", "-3.23", "0.34", "-3.27", "0.39", "4498", "0.17", "0.24", "-3.11", "-3.99", "0.13", "-0.28", "0.38", "-0.47", "0.31", "0", "-2.8", "0.4", "-0.2", "0.4", "0.3", "0.3", "0.7", "0.8", "0.2", "5.6", "5.9", "5.9", "0.007647", "0.21945", "0.51696", "0.14349", "0.03018", "0.01407", "-0.52", "0.88", "0.8", "-1.48", "0.46", "0.7"),c("-6.3", "109", "0.072", "0.127", "0.4", "0.25", "0.0339", "0.1174", "-3.65", "0.24", "-3.78", "0.28", "9071", "-0.13", "0.17", "-3.61", "-3.5", "0.05", "-0.2", "0.21", "0.31", "-0.04", "-0.2", "-2.9", "0.3", "-0.2", "0.4", "0.5", "0.4", "0.2", "0.3", "0.1", "5.5", "5.1", "5.2", "0.000446", "0.36527", "0.27635", "0.02672", "0.00072", "0.00567", "-2.15", "-1.54", "0.04", "-2.93", "-0.37", "0.01"),c("-6.6", "27", "-0.085", "-0.062", "-0.52", "0.49", "-0.00602", "-0.0326", "-3.76", "0.48", "-4.14", "0.29", "2525", "-0.13", "0.17", "-3.74", "-4.55", "-0.02", "0.24", "0.19", "-0.37", "-0.31", "-0.5", "-3.5", "-0.2", "0", "-0.1", "0", "-0.3", "-0.8", "-0.5", "-0.7", "5.9", "5.9", "6.3", "-0.000476", "0.10553", "0.51369", "0.16715", "0.06119", "0.01233", "-1.18", "-0.05", "-0.16", "-1.86", "-0.5", "-0.21"),c("-8.2", "81", "-0.051", "-0.71", "-0.22", "-0.0449", "-0.5852", "-6.22", "-0.22", "-6.54", "-0.25", "8432", "-0.74", "-0.18", "-5.29", "-5.97", "-0.37", "-0.2", "-0.6", "-0.27", "-1.1", "-0.8", "-1.4", "-1.1", "-1.1", "-0.5", "-0.3", "-1", "5.8", "6.2", "6.4", "0.006801", "-0.317", "-0.38531", "-0.12746", "-0.03438", "-0.02696", "-2.72", "-2.64", "-1.64", "-3.5", "-1.88", "-1.04"),c("-2.33", "-1.66", "-1.79"),c("0.75", "0.87", "0.84"),c("-1.85", "-0.89", "-0.99"),c("-1.052", "-0.8", "-3.8", "0", "-2.46", "-1.56", "-1.82"),c("2.069", "-1.3", "-3.5", "-0.1", "-1.06", "-0.27", "-0.47"),c("-0.73", "-0.8", "-3.5", "0", "-0.59", "0.02", "-0.05"),c("7.299", "-0.6", "-3.2", "0", "-0.65", "-0.32", "-0.54"),c("-0.964", "-1.3", "-4.3", "0.2", "-1.82", "-1.4", "-1.65"),c("-0.7", "-1", "-3.3", "-0.1", "-1.88", "-1.13", "-1.09"),c("6.288", "-0.8", "-2.8", "0", "-2.45", "-1.36", "-1.64")
c("-4.8", "174", "-0.971", "-0.245", "-0.57", "-0.01", "-0.00789", "-0.1711", "-3.96", "-0.01", "-4.91", "-0.08", "24837", "-0.38", "-0.04", "-4.06", "-5.02", "-0.09", "0.01", "-0.37", "-0.13", "-0.72", "-1.5", "-3.6", "-0.4", "0", "-0.3", "-0.1", "-0.1", "-0.4", "-0.2", "-0.4", "5.2", "5.5", "5.4", "0.000864", "-0.15025", "0.01865", "-0.08988", "-0.02847", "-0.00482", "-1.89", "-2.02", "-0.44", "-3.29", "-0.76", "-0.25"),c("-5.1", "47", "-1.683", "0.374", "-0.1", "0.35", "0.0164", "-0.0651", "-3.15", "0.36", "-4.03", "0.34", "6653", "-0.04", "0.2", "-3.24", "-5.01", "0.21", "0.07", "0.09", "0.28", "-0.04", "-1.8", "-4.7", "0.2", "0.1", "-0.1", "-0.2", "-0.2", "-0.4", "-0.4", "-0.6", "5.8", "6.1", "6", "-0.001302", "0.19784", "0.31116", "0.18513", "0.01866", "0.01049", "-0.63", "0.34", "0.2", "-1.18", "0.32", "0.26"),c("-4.6", "63", "-1.649", "0.43", "-0.1", "0.3", "0.01271", "0.089", "-2.99", "0.3", "-3.74", "0.44", "5751", "0.04", "0.26", "-3.09", "-3.94", "0.23", "-0.29", "0.36", "1.17", "-0.19", "-1.7", "-4.4", "0.5", "0.1", "0.4", "0.3", "0.3", "0.8", "0.6", "0.2", "5.7", "5.9", "5.8", "-0.000605", "0.35359", "0.49954", "0.12818", "0.02276", "0.01113", "-0.63", "-0.04", "0.5", "-1.45", "0.43", "0.37"),c("-4.3", "60", "6.663", "0.316", "0.5", "0.67", "0.02074", "0.2673", "-2.59", "0.67", "-3.4", "0.7", "5729", "0.27", "0.4", "-2.84", "-4.16", "0.41", "-0.21", "0.62", "0.41", "1.12", "-0.8", "-3.3", "0.8", "-0.1", "0.7", "0.6", "0.5", "1", "0.8", "0.5", "5.5", "5.6", "5.6", "0.000585", "0.382", "0.67107", "0.14879", "0.00746", "0.0123", "-0.31", "0.13", "0.71", "-1.26", "0.25", "0.57"),c("-6.2", "49", "-1.308", "-0.061", "-0.69", "-0.08", "0.07471", "-0.1305", "-5.03", "-0.08", "-5.83", "0", "5395", "-0.65", "-0.01", "-4.72", "-6.13", "-0.34", "0.09", "-0.5", "-0.25", "-0.24", "-2", "-4.8", "-0.5", "-0.1", "-0.4", "-0.5", "-0.6", "-0.4", "-0.4", "-0.9", "5.5", "5.7", "5.7", "-0.000196", "0.10747", "0.03309", "-0.00733", "0.00556", "-0.00648", "-2.74", "-2.29", "-1.56", "-3.63", "-1.63", "-1.25"),c("-5", "53", "-1.744", "0.391", "-0.13", "0.26", "0.0215", "-0.0172", "-3.09", "0.25", "-4.04", "0.22", "6091", "-0.04", "0.13", "-3.17", "-5.36", "0.17", "0.02", "0.08", "-0.22", "0.1", "-2", "-4.4", "0.4", "-0.1", "0.2", "0", "0", "0.3", "0.4", "-0.2", "5.8", "5.9", "5.6", "-0.004168", "0.07523", "0.32215", "0.12921", "-0.00516", "0.0087", "-0.64", "0.24", "0.11", "-1.38", "0.22", "0.38"),c("-4.6", "53", "-2.254", "0.48", "-0.05", "0.43", "0.0173", "0.0802", "-2.91", "0.42", "-3.59", "0.46", "6706", "0.17", "0.28", "-2.85", "-4.35", "0.34", "-0.29", "0.37", "-0.05", "0.99", "-1.3", "-3.7", "0.7", "-0.4", "0.6", "0.4", "0.4", "0.7", "0.8", "0.2", "5.8", "5.5", "5.7", "-0.000453", "0.19892", "0.47591", "0.14917", "-0.02856", "0.01041", "-0.22", "0.73", "0.82", "-1.23", "0.68", "0.82"),c("-5.2", "155", "-0.629", "-0.004", "-0.08", "0.23", "0.0932", "0.0782", "-3.43", "0.22", "-4.16", "0.29", "13533", "-0.16", "0.18", "-3.56", "-3.79", "0.33", "-0.13", "0.14", "0.23", "-0.2", "-0.6", "-3.1", "0.5", "0.2", "0.4", "0.7", "0.6", "0.3", "0.3", "0.2", "5.9", "4.9", "5.7", "-0.001538", "0.30617", "0.33203", "0.0138", "0.0372", "0.00659", "-1.87", "-1.27", "0.28", "-2.98", "-0.17", "0.13"),c("-5.6", "49", "-0.961", "0.029", "-0.36", "0.16", "0.01358", "-0.0169", "-3.84", "0.16", "-4.54", "0.28", "4133", "-0.18", "0.16", "-3.69", "-4.85", "0.25", "0.13", "0.1", "-0.17", "-0.31", "-0.9", "-3.7", "-0.3", "0.2", "-0.1", "0", "-0.2", "-0.6", "-0.5", "-0.8", "5.7", "5.8", "5.8", "-0.004529", "0.11443", "0.31403", "0.12272", "-0.00183", "0.00681", "-0.79", "-0.46", "-0.15", "-1.86", "-0.4", "-0.03"),c("-7.5", "230", "-1.836", "-0.223", "-1.04", "-0.41", "-0.1608", "-0.5112", "-6.17", "-0.41", "-7.04", "-0.36", "26396", "-0.81", "-0.21", "-5.21", "-6.67", "-0.5", "0.35", "-0.79", "-0.58", "-1.15", "-2.2", "-4.7", "-0.6", "0", "-1.3", "-1.2", "-1.2", "-0.4", "-0.3", "-1", "5.6", "6.1", "6.3", "-0.000782", "-0.1261", "-0.35708", "-0.08644", "-0.01016", "-0.01896", "-2.93", "-2.53", "-1.67", "-3.7", "-1.84", "-1.15"),c("-6", "167", "-0.07", "-1.14", "-0.27", "-0.098", "-0.5067", "-5.79", "-0.27", "-7.37", "-0.3", "21432", "-0.84", "-0.2", "-5.03", "-7.16", "-0.42", "-0.06", "-0.81", "-1.42", "-1.6", "-0.6", "-1.2", "-1.1", "-1.1", "-0.4", "-0.5", "-1.2", "5.7", "6.2", "6.2", "-0.000748", "-0.19983", "-0.36593", "-0.06027", "-0.01409", "-0.017", "-2.69", "-2.44", "-1.62", "-3.5", "-1.7", "-1.04"),c("0.67", "0.72", "0.47"),c("-1.8", "-0.96", "-1.06"),c("-0.899", "-0.7", "-3.7", "-0.1", "-2.28", "-1.55", "-1.76"),c("2.657", "-1.4", "-3.6", "-0.3", "-1.29", "0.02", "-0.39"),c("-0.577", "-0.8", "-3.5", "-0.2", "-0.4", "0.19", "0.09"),c("8.069", "-1", "-3.5", "-0.2", "-0.34", "-0.09", "-0.42"),c("-0.811", "-0.8", "-3.8", "0.1", "-1.76", "-1.46", "-1.81"),c("-0.547", "-1.1", "-3.4", "-0.2", "-1.66", "-0.95", "-1.15"),c("6.961", "-1", "-3", "-0.3", "-2.26", "-1.32", "-1.64")
c("-3.1", "55", "-0.818", "0.063", "0", "0.14", "0.04718", "0.0691", "-1.1", "0.15", "-1.31", "0.23", "6019", "0.41", "0.13", "-2.28", "-1.91", "0.06", "-0.53", "0.2", "0.18", "0.96", "-1.5", "-3.7", "1", "-0.1", "1.3", "1", "0.8", "1", "0.8", "0.4", "5.2", "5.2", "5.4", "0.001754", "0.39894", "0.14682", "0.06167", "0.02223", "0.00368", "0.08", "0.6", "1.07", "-0.7", "1.02", "1.06"),c("-3.6", "20", "-1.53", "0.734", "0.3", "0.75", "0.0131", "0.0839", "-0.06", "0.75", "-0.59", "0.49", "1803", "0.66", "0.28", "-1.47", "-2.11", "0.15", "-0.01", "0.5", "0.56", "1.24", "-1.4", "-4.4", "1.7", "0.1", "1.1", "0.6", "0.4", "1", "0.2", "-0.4", "6.5", "6.3", "5.3", "0.007273", "0.55155", "0.05722", "-0.03348", "-0.03842", "-0.00416", "1.21", "3.11", "2.48", "0.28", "1.99", "1.65"),c("-3.3", "39", "-1.495", "0.222", "0.18", "-0.33", "0.00884", "-0.0381", "-0.91", "-0.32", "-1.21", "-0.32", "4260", "0.22", "-0.18", "-1.95", "-1.63", "-0.44", "-0.17", "-0.14", "0", "0.38", "-1.4", "-4.1", "0.1", "0", "0.7", "0.3", "0.2", "1.4", "0.6", "-0.2", "5.3", "5.7", "5.9", "0.006158", "-0.07038", "-0.28908", "-0.17589", "-0.04689", "-0.00823", "0.32", "2.23", "1.75", "-0.35", "1.18", "1.11"),c("-3.2", "54", "7.042", "-0.759", "-0.09", "-0.76", "-0.09309", "-0.1154", "-1.32", "-0.76", "-1.68", "-0.87", "9501", "-0.01", "-0.5", "-2.22", "-2.47", "-0.87", "0.16", "-0.69", "-0.71", "-0.55", "-1", "-3.5", "-0.6", "-0.3", "0.2", "-0.2", "-0.2", "0.9", "0.1", "-0.8", "5.3", "5.6", "5.8", "-0.000642", "-0.90014", "-0.83773", "-0.2813", "-0.05616", "-0.0164", "0.09", "1.06", "0.98", "-1", "0.59", "0.58"),c("-4.4", "14", "-1.155", "1.115", "0", "0.71", "0.01137", "-0.033", "-1.54", "0.71", "-1.95", "0.59", "1200", "0.33", "0.35", "-2.71", "-2.28", "-0.5", "-0.03", "0.35", "0.45", "-0.38", "-1.5", "-4.4", "1.6", "-0.1", "1.3", "0.9", "-0.3", "0.4", "0.8", "0.5", "5.3", "6.2", "6.5", "-0.00604", "0.73178", "0.30183", "0.10403", "0.08814", "0.01873", "-0.46", "0.5", "0.42", "-0.74", "0.08", "0.76"),c("-3.7", "32", "-1.591", "-0.181", "0.04", "-0.38", "-0.0489", "-0.0735", "-1.02", "-0.38", "-1.29", "-0.32", "3304", "0.28", "-0.17", "-1.84", "-2.56", "0", "-0.17", "-0.2", "0.86", "-0.04", "-1.7", "-4.1", "0.4", "0", "0.5", "0.1", "0", "1.5", "0.8", "-0.3", "5.7", "5.8", "5.8", "0.002349", "-0.24804", "-0.21644", "-0.16154", "0.01306", "-0.00765", "0.53", "1.8", "1.68", "-0.42", "1.1", "1.29"),c("-3.8", "70", "-2.101", "-0.782", "-0.09", "-0.97", "-0.1536", "-0.2403", "-1.6", "-0.97", "-1.8", "-1.04", "10234", "-0.06", "-0.57", "-2.2", "-2.83", "-1.11", "0.16", "-0.87", "-0.34", "-0.36", "-1", "-3.5", "-0.7", "-0.4", "0", "-0.4", "-0.4", "1.4", "0.2", "-1", "5.3", "5.8", "6.3", "-0.009604", "-0.92364", "-0.84899", "-0.32208", "-0.09281", "-0.01791", "0.09", "1.65", "1.04", "-1.06", "0.6", "0.93"),c("-3.8", "92", "-0.476", "0.065", "0.1", "0.11", "0.0376", "0.1963", "-0.84", "0.11", "-1.15", "0.01", "6054", "0.29", "0.01", "-2.08", "-1.32", "-0.17", "-0.19", "0.12", "0.82", "0.95", "-0.6", "-3.1", "1.2", "-0.1", "0.9", "0.7", "0.6", "1", "0.7", "0.4", "5.9", "4.7", "4.9", "-0.001308", "0.00501", "-0.13111", "0.00219", "0.06072", "-7e-05", "-0.16", "0.82", "1.31", "-0.83", "0.61", "1.08"),c("-4.1", "21", "-0.807", "-0.235", "0.14", "0.22", "0.02636", "0.039", "-1.09", "0.21", "-1.35", "0.18", "1554", "0.38", "0.1", "-2.02", "-2.14", "-0.01", "-0.02", "0.26", "0.79", "-0.01", "-0.8", "-3.6", "0.3", "0", "1", "0.6", "0.1", "0.3", "0", "-0.6", "5.2", "5.6", "5.9", "0.002934", "0.00361", "0.15045", "0.05396", "0.07429", "0.00289", "0.4", "1.25", "1.39", "-0.61", "0.95", "1.23"),c("-5.6", "53", "-1.683", "-0.058", "-0.26", "0.36", "0.0175", "0.0682", "-2.7", "0.36", "-3.01", "0.38", "4199", "0.24", "0.22", "-2.95", "-2.88", "0.32", "-0.21", "0.21", "-0.08", "-0.01", "-1.8", "-4.3", "0.8", "0.1", "0.5", "0.4", "0.3", "0.7", "1", "0.2", "5.8", "5.9", "5.9", "0.000855", "0.217", "0.37502", "0.16985", "4e-05", "0.01311", "-0.56", "0.1", "0.41", "-1.3", "0.24", "0.48"),c("-4.6", "86", "-1.53", "-0.015", "0.1", "0.19", "0.0509", "0.0543", "-2.63", "0.19", "-3.37", "0.41", "6531", "0.22", "0.24", "-2.74", "-3.24", "0.52", "-0.07", "0.16", "0.43", "1.02", "-1.6", "-4.1", "1.1", "-0.1", "0.5", "0.3", "0.3", "0.6", "0.8", "0.3", "5.4", "5.8", "6", "0.002119", "0.21292", "0.42522", "0.10764", "-0.01861", "0.01001", "-0.2", "0.34", "0.29", "-1.2", "0.34", "0.78"),c("-2.7", "20", "0.567", "1.45", "0.25", "0.1122", "0.1216", "0.13", "0.25", "-0.12", "0.37", "1354", "0.76", "0.16", "-1.14", "-1.02", "-0.22", "-0.78", "0.38", "1.01", "2.28", "1.9", "2.1", "1.6", "0.6", "2.5", "1.6", "0.3", "5.7", "6.1", "5.5", "0.005109", "0.56407", "0.06908", "-0.19507", "-0.12343", "-0.00994", "1.52", "3.51", "2.95", "0.47", "2.69", "2.23"),c("0.98", "0.98", "0.97"),c("-0.617", "-0.3", "-4.1", "-0.1", "-0.21", "0.27", "-0.03"),c("0.944", "-0.5", "-3.5", "0.4", "1.15", "1.63", "1.23"),c("-0.295", "0", "-3.5", "0.3", "2.09", "1.51", "1.07"),c("2.1", "0.4", "-2.8", "0.6", "1.3", "1.48", "0.83"),c("-0.529", "-0.5", "-4.3", "0", "-0.14", "0.32", "0"),c("-0.265", "-0.4", "-3.4", "0.2", "0.28", "0.6", "0.26"),c("1.944", "0", "-2.8", "0.4", "0.13", "0.64", "0.36")
c("-4.6", "26", "-0.536", "-0.364", "0.05", "0.25", "0.07572", "-0.0847", "-3.99", "0.25", "-3.94", "0", "5014", "-0.27", "0", "-3.93", "-4.42", "-0.27", "0.15", "-0.23", "-0.82", "-0.85", "-0.5", "-3.5", "0.1", "0.5", "-0.3", "-0.2", "-0.3", "-0.2", "0", "-0.3", "5", "5.3", "5.3", "-0.001496", "0.03521", "-0.08634", "-0.0322", "0.00464", "-0.00177", "-1.28", "-1.54", "-0.22", "-2.63", "-0.16", "0.29"),c("-5", "9", "-1.248", "0.509", "-0.43", "0.31", "0.0583", "-0.0163", "-3.49", "0.31", "-3.12", "0.36", "1463", "0.03", "0.2", "-3.15", "-4.13", "0.3", "0.37", "0.17", "0.4", "0.67", "-1.2", "-5", "0.1", "-0.1", "0.2", "0", "-0.4", "-0.3", "-0.4", "-0.6", "5.8", "6.3", "6.1", "-0.004676", "0.12999", "0.23747", "0.07068", "0.04384", "0.00669", "-0.1", "-0.06", "0.65", "-0.98", "0.83", "0.58"),c("-4.2", "7", "-1.214", "0.405", "0.31", "0.08", "0.03734", "0.0124", "-3.5", "0.08", "-2.95", "0.34", "1410", "0.04", "0.19", "-3.04", "-3.05", "0.32", "-0.01", "0.32", "1.92", "0.66", "-1.2", "-4.7", "0.2", "-0.1", "0.3", "0.1", "-0.3", "0.5", "0.6", "0.2", "5.2", "6.3", "5.7", "0.018413", "0.02882", "0.13447", "0.11448", "-0.00145", "0.00508", "-0.46", "-0.63", "0.76", "-1.32", "0.47", "0.68"),c("-4.3", "13", "2", "0.097", "1.07", "0.65", "0.06106", "-0.0197", "-2.9", "0.65", "-2.57", "0.64", "1389", "0.3", "0.36", "-2.8", "-3.69", "0.09", "0.02", "0.62", "0.08", "0.42", "0.1", "-3.1", "1", "0.4", "0.6", "0.4", "0", "1.1", "0.9", "0.4", "6.1", "5.9", "5.5", "0.001491", "0.32317", "0.34501", "0.0663", "0.02495", "0.00738", "0.14", "1.76", "0.88", "-1.04", "0.92", "0.75"),c("-6.2", "11", "-0.874", "-0.032", "-1.23", "0.19", "0.13069", "-0.0557", "-5.05", "0.19", "-4.99", "-0.05", "1247", "-0.61", "-0.04", "-4.72", "-5.07", "-0.08", "0", "-0.49", "-1.99", "-1.3", "-1", "-4.7", "-1.8", "0.1", "-0.3", "-0.5", "-1.3", "-0.4", "-0.3", "-0.7", "5.3", "5.8", "5.3", "0.014331", "0.04462", "-0.03164", "-0.10678", "0.00328", "-0.00917", "-2.17", "-2.51", "-0.95", "-3.48", "-1.63", "-0.74"),c("-3.5", "1", "-1.31", "0.013", "-0.54", "0.46", "0.0304", "-0.1038", "-3.17", "0.46", "-3.3", "0.07", "1490", "-0.06", "0.04", "-3.24", "-4.46", "0.27", "0.23", "-0.01", "0.16", "0.41", "-1.5", "-4.6", "0.2", "0", "0.1", "-0.1", "-0.5", "0.3", "0.5", "0", "4.9", "5.6", "5.2", "-0.002908", "-0.03542", "0.13752", "0.01964", "0.01284", "0.00385", "-0.23", "0.14", "0.68", "-1.66", "0.36", "0.65"),c("-4.6", "12", "-1.819", "0.188", "0.02", "0.44", "0.1327", "0.0637", "-3.19", "0.43", "-2.89", "0.27", "1827", "0.12", "0.16", "-2.9", "-3.76", "0.13", "0.1", "0.24", "0.06", "0", "0", "-3.2", "0", "0.1", "0.4", "0.4", "0", "1.1", "0.9", "0.3", "5.9", "5.7", "6.2", "0.003231", "0.15161", "0.21535", "0.07144", "0.00847", "0.00624", "0.27", "0.72", "1.92", "-0.64", "0.71", "1.08"),c("-5.1", "32", "-0.194", "0.084", "0", "0.19", "0.0944", "-0.0573", "-3.75", "0.19", "-3.39", "0.17", "3376", "-0.17", "0.1", "-3.4", "-3.02", "0.31", "0.34", "0.08", "0.08", "-0.63", "0", "-3.1", "0.4", "0.3", "0.5", "0.6", "0.2", "0.2", "0.2", "0.2", "4.7", "5.8", "5.3", "0.002339", "0.14609", "0.15193", "-0.02177", "0.00033", "0.00184", "-1.5", "-1.74", "0.27", "-2.48", "-0.2", "0.54"),c("-5.4", "7", "-0.526", "0.293", "-0.35", "0.99", "-0.01512", "-0.0345", "-3.31", "0.98", "-3.98", "-0.05", "1273", "-0.29", "-0.02", "-3.8", "-4.47", "-0.17", "0", "-0.17", "-0.52", "0.18", "-0.3", "-3.9", "-0.9", "0.2", "-0.4", "-0.3", "-0.9", "-0.7", "-0.6", "-0.9", "5", "5.9", "5.7", "0.031785", "0.01416", "0.04739", "0.03768", "0.03515", "0.00257", "-1", "0.07", "0.31", "-1.55", "0.9", "0.19"),c("-7.4", "44", "-1.401", "-0.103", "-0.41", "-0.28", "-0.0974", "-0.2137", "-6.33", "-0.28", "-6.02", "-0.23", "5188", "-0.66", "-0.13", "-4.95", "-5.37", "0", "0.33", "-0.6", "0.03", "0.07", "-1.6", "-4.8", "-0.7", "0.1", "-1", "-0.8", "-0.9", "-0.3", "-0.2", "-0.8", "5.7", "5.9", "6.1", "-0.009283", "-0.0879", "-0.15359", "-0.00634", "-0.04361", "-0.00919", "-2.44", "-2.27", "-1.32", "-3.1", "-1", "-0.52"),c("-6.3", "58", "-1.248", "-0.253", "-0.31", "-0.2", "-0.0624", "-0.1822", "-6.01", "-0.2", "-6.41", "-0.23", "8218", "-0.7", "-0.13", "-4.91", "-6.24", "-0.3", "0.44", "-0.68", "-0.36", "-1.39", "-1.2", "-4.5", "-0.6", "0.1", "-1", "-1", "-1", "-0.3", "-0.3", "-0.9", "5.4", "6.2", "6.3", "-0.002531", "-0.1286", "-0.14099", "0.01406", "0.01546", "-0.00508", "-2.37", "-2.22", "-1.04", "-3.1", "-1.12", "-0.68"),c("-4.7", "21", "-0.966", "0.347", "0.55", "0", "0.0602", "0.0866", "-3.11", "0", "-2.48", "0.41", "1456", "0.29", "0.24", "-2.58", "-2.36", "0.61", "0.09", "0.22", "0.77", "1.66", "-1.1", "-5.1", "0.5", "-0.2", "0.6", "0.3", "-0.1", "0.7", "1", "0.3", "5.8", "6.5", "5.8", "-0.004667", "0.15363", "0.32782", "0.15021", "0.03596", "0.00853", "0.2", "1.27", "1.02", "-1.17", "1.55", "1.15"),c("-5.8", "6", "-0.006", "0.36", "0.04", "0.014", "-0.1059", "-6.06", "0.04", "-5.46", "-0.17", "1125", "-0.7", "-0.2", "-4.8", "-5.89", "-0.74", "0", "-0.56", "-1.08", "-1.89", "-1.1", "-1.1", "-1", "-1.4", "-0.7", "-0.5", "-1", "5.9", "5.9", "5.5", "0.031655", "-0.13998", "-0.16514", "-0.00959", "-0.08561", "-0.00882", "-1.85", "-1.77", "-0.57", "-1.95", "-0.31", "-0.12"),c("-1.87", "-1.6", "-1.35"),c("0.34", "0.07", "-0.01"),c("-0.02", "0.47", "0.34"),c("-0.21", "0.04", "0.2"),c("-0.93", "-1.29", "-1.7"),c("-1.54", "-0.85", "-0.6"),c("-1.81", "-0.82", "-0.79")
c("-5.1", "62", "0.132", "-0.05", "0.03", "0.03878", "-0.1119", "-4.36", "0.03", "-4.81", "-0.03", "10516", "-0.36", "-0.01", "-4.04", "-4.43", "0.01", "0.13", "-0.33", "-0.49", "-0.79", "-0.6", "-0.2", "-0.2", "-0.2", "-0.3", "0", "-0.2", "5.1", "5.5", "5.8", "0.005126", "0.08139", "-0.14905", "0.02583", "-0.02317", "-0.00212", "-1.7", "-2.12", "-0.33", "-2.99", "-0.7", "-0.41"),c("-5.8", "32", "-0.018", "-0.22", "0.41", "0.0041", "-0.0904", "-3.54", "0.41", "-3.98", "0.34", "2956", "-0.05", "0.2", "-3.26", "-4.51", "0.22", "0.31", "0.08", "-0.89", "0.43", "-0.4", "-0.4", "-0.4", "-0.4", "-0.5", "-0.4", "-0.6", "5.7", "6.1", "5.9", "0.004855", "0.03136", "0.27997", "0.15212", "0.00793", "0.00902", "-0.39", "0.33", "-0.06", "-1.44", "0.03", "0.24"),c("-5", "27", "0.336", "-0.02", "0.18", "0.00294", "0.0018", "-3.55", "0.18", "-3.75", "0.38", "2940", "-0.01", "0.22", "-3.17", "-3.89", "-0.22", "-0.1", "0.29", "0.36", "0.5", "0.2", "0.1", "0", "-0.2", "-0.4", "-0.4", "-0.6", "5.8", "6.1", "6.1", "0.003461", "0.26608", "0.27039", "0.09736", "0.00709", "0.00842", "-0.43", "-0.7", "0.42", "-1.41", "0.63", "0.46"),c("-4.9", "32", "0.118", "0.2", "0.39", "0.01164", "0.0827", "-3.31", "0.39", "-3.48", "0.57", "3217", "0.18", "0.32", "-2.95", "-3.52", "0.55", "-0.01", "0.48", "0.5", "0.35", "0.4", "0.5", "0.4", "0.2", "-0.1", "-0.2", "-0.3", "5.6", "5.9", "5.6", "0.004899", "0.53784", "0.3338", "0.14568", "0.02231", "0.01138", "-0.09", "0.17", "0.42", "-1.43", "0.15", "0.38"),c("-6.8", "32", "-0.095", "-0.98", "-0.23", "-0.0452", "-0.3262", "-5.63", "-0.24", "-5.8", "-0.02", "2573", "-0.67", "-0.02", "-4.94", "-4.81", "0.49", "0.18", "-0.53", "-2.52", "-0.96", "-1.5", "-0.6", "-0.8", "-1.1", "-1.4", "-1.2", "-1.5", "5.4", "5.8", "5.9", "-0.013925", "0.09641", "-0.08872", "-0.05523", "-0.06254", "-0.01487", "-2.87", "-2.3", "-1.9", "-3.61", "-1.26", "-1.44"),c("-5.3", "21", "0.283", "0.1", "-0.29", "-0.1336", "-0.0171", "-3.3", "0.48", "-4.1", "0.11", "3056", "-0.11", "0.07", "-3.25", "-4.89", "0.14", "0.16", "-0.04", "-0.65", "-0.1", "0", "-0.1", "-0.1", "-0.3", "-0.4", "-0.3", "-0.6", "5.7", "6.1", "6.1", "0.00379", "0.1434", "0.11689", "0.0641", "0.01941", "0.00704", "-0.48", "-0.59", "0.25", "-1.59", "0.29", "0.39"),c("-5", "22", "0.27", "0.19", "0.27", "0.0136", "0.0885", "-3.51", "0.26", "-3.56", "0.44", "3114", "0.14", "0.26", "-2.89", "-4.1", "0.09", "-0.11", "0.34", "-0.12", "-0.56", "0.1", "0.4", "0.2", "0.1", "-0.1", "-0.1", "-0.4", "5.8", "5.9", "6", "-0.001143", "0.25134", "0.29542", "0.11831", "0.01009", "0.0103", "-0.06", "0.26", "0.64", "-1.22", "0.35", "0.55"),c("-5.6", "67", "0.457", "0.21", "-0.38", "-0.1882", "0.0789", "-3.72", "0.37", "-4.13", "0.27", "6523", "-0.19", "0.16", "-3.52", "-3.76", "-0.15", "-0.12", "0.11", "0.9", "-0.1", "0.1", "0.3", "0.4", "0.3", "0.3", "0.2", "0.1", "5.4", "6", "5.3", "0.000189", "0.21293", "0.05265", "0.07023", "0.0028", "0.00378", "-1.63", "-1.6", "0.12", "-3.01", "-0.11", "0.09"),c("-6.4", "38", "-0.141", "-0.75", "-0.16", "-0.09404", "-0.125", "-4.61", "-0.17", "-4.77", "0", "2581", "-0.34", "0.01", "-3.95", "-3.82", "0.79", "0.34", "-0.19", "-1.03", "0.52", "-1", "-0.4", "-0.3", "-0.6", "-0.8", "-0.6", "-0.9", "5.5", "6", "6.1", "-0.00019", "0.03923", "0.09431", "0.03701", "-0.00113", "0.00222", "-1.21", "-0.88", "-0.01", "-1.83", "-0.36", "-0.28"),c("-8", "103", "-0.348", "-0.66", "-0.19", "-0.116", "-0.3791", "-6.39", "-0.19", "-6.84", "-0.21", "10183", "-0.73", "-0.12", "-5.25", "-6.11", "-0.44", "0.59", "-0.65", "-0.72", "-0.76", "-0.8", "-1.3", "-1.1", "-1.1", "-1.4", "-1.1", "-1.4", "6", "6.2", "6.4", "-0.009792", "-0.1911", "-0.09249", "-0.08883", "-0.02499", "-0.01376", "-2.46", "-2.53", "-1.64", "-3.5", "-1.73", "-1.09"),c("-7", "175", "-0.46", "-1.02", "-0.3", "-0.0551", "-0.545", "-6.26", "-0.3", "-7.28", "-0.26", "17228", "-0.8", "-0.15", "-5.18", "-6.65", "-0.4", "0.41", "-0.78", "-0.89", "-1.24", "-0.9", "-1.3", "-1.1", "-1.1", "-1.4", "-1.2", "-1.4", "5.8", "6.2", "6.3", "-0.002127", "-0.22682", "-0.1269", "-0.11808", "-0.00421", "-0.01304", "-2.58", "-2.44", "-1.5", "-3.5", "-1.55", "-1.05"),c("-4.9", "32", "0.259", "-0.17", "0.44", "0.0384", "-0.0416", "-2.83", "0.43", "-3.36", "0.37", "3098", "0.19", "0.22", "-2.7", "-2.7", "0.57", "-0.05", "0.11", "0.32", "-0.01", "0.3", "0.4", "0.3", "0.1", "-0.2", "-0.1", "-0.2", "5.5", "5.5", "5.8", "-0.004479", "0.04828", "0.31158", "0.14062", "0.01523", "0.01045", "-0.21", "-0.42", "0.58", "-0.92", "0.71", "0.74"),c("-6.6", "20", "-0.501", "-1.03", "-0.42", "-0.0876", "-0.1785", "-6.68", "-0.43", "-6.56", "-0.43", "4546", "-0.83", "-0.25", "-5.03", "-5.58", "-0.14", "0.58", "-0.89", "-1.37", "-1.04", "-1.1", "-1.3", "-1.1", "-1.2", "-1.4", "-1.2", "-1.4", "5.8", "6.2", "6", "0.00101", "-0.2336", "-0.11997", "-0.11397", "0.00735", "-0.0098", "-2.25", "-1.83", "-1.36", "-3.13", "-0.97", "-0.6"),c("-7.1", "53", "-0.163", "-0.61", "-0.44", "-0.11542", "-0.3088", "-6.85", "-0.45", "-7.26", "-0.29", "4778", "-0.88", "-0.22", "-5.22", "-6.45", "-0.71", "0.33", "-0.82", "-2.38", "-1.39", "-1.5", "-1.5", "-1.2", "-1.3", "-1.6", "-1.4", "-1.5", "6.2", "6.3", "6.4", "-0.013128", "-0.24651", "-0.19925", "-0.1014", "0.03221", "-0.01272", "-2.45", "-2.68", "-1.77", "-3.1", "-1.55", "-1.09"),c("-1.4", "-0.3", "-0.28"),c("-0.82", "0.02", "-0.09"),c("-0.61", "0.04", "-0.32"),c("-1.63", "-1.41", "-1.23"),c("-1.83", "-1.36", "-0.91"),c("-2.25", "-1.34", "-1.3")
c("-3.4", "33", "0.022", "0.41", "0.1", "0.07816", "0.1462", "-1.81", "0.1", "-2.03", "0.08", "6368", "0.15", "0.06", "-2.81", "-1.78", "0.19", "-0.56", "0.07", "0.87", "0.08", "0.3", "0.6", "0.8", "0.7", "0.4", "0.5", "0.4", "5.2", "5.3", "4.9", "-0.005081", "0.03615", "0.08", "0.04566", "0.02263", "0.00258", "-0.26", "0.63", "0.78", "-1.64", "0.17", "0.48"),c("-4.2", "20", "-0.176", "-0.02", "-0.38", "-0.062", "-0.0614", "-1.85", "-0.38", "-1.7", "-0.05", "3036", "0.17", "-0.02", "-2.29", "-2.43", "-0.17", "0.03", "-0.02", "-0.59", "-0.31", "0.5", "0.1", "0.1", "0", "-0.1", "-0.4", "-0.5", "5.7", "6.1", "5.3", "-6.7e-05", "-0.06999", "-0.11752", "-0.16615", "-0.01342", "-0.00549", "0.45", "2.43", "1.3", "-0.84", "0.5", "0.82"),c("-3.6", "22", "0.109", "0.11", "-0.18", "0.01251", "0.156", "-1.43", "-0.18", "-1.53", "-0.07", "3077", "0.18", "-0.03", "-2.28", "-1.01", "0.19", "0.02", "0.13", "0.08", "-0.25", "0.4", "0.5", "0.6", "0.3", "0.6", "0.6", "0.3", "5.3", "5.5", "5.1", "0.003707", "-0.20175", "-0.22235", "-0.09111", "-0.07512", "-0.0066", "0.59", "-0.19", "1.31", "-0.78", "0.6", "1.09"),c("-3.3", "23", "0.175", "0.84", "0.04", "0.04375", "0.2386", "-1.19", "0.03", "-1.33", "0.05", "3483", "0.33", "0.03", "-2.16", "-1.24", "0.36", "-0.22", "0.25", "0.2", "0.83", "0.6", "0.9", "0.9", "0.6", "1", "0.8", "0.5", "5.2", "5.2", "5.4", "0.000755", "-0.21449", "-0.10799", "-0.05572", "-0.08884", "-0.00591", "0.44", "1.31", "1.27", "-0.27", "0.67", "1.26"),c("-5.3", "24", "-0.199", "0.07", "0", "-0.01505", "0.0545", "-2.92", "-0.01", "-3.07", "0.04", "1983", "-0.18", "0.03", "-3.5", "-2.97", "-0.15", "-0.28", "-0.18", "-0.19", "-0.45", "0", "0.4", "0.4", "-0.4", "-0.1", "0.1", "-0.1", "5.9", "5.7", "5.2", "-0.00172", "-0.04477", "-0.0959", "0.01966", "-0.02198", "0.00302", "-1.12", "-1.63", "-0.04", "-1.92", "-1.31", "-0.23"),c("-4", "23", "-0.545", "-0.21", "-0.42", "-0.0837", "0.1127", "-1.73", "-0.43", "-1.73", "-0.19", "2779", "0.17", "-0.09", "-2.35", "-2.67", "-0.11", "-0.14", "-0.05", "0.24", "-0.07", "-0.1", "0.2", "0.4", "0", "0.6", "0.5", "0.3", "5.7", "5.4", "5.8", "0.000525", "-0.16569", "-0.188", "-0.08858", "-0.06324", "-0.00606", "0.94", "1.46", "1.44", "-0.58", "0.5", "1.09"),c("-3.5", "17", "-0.064", "0.33", "-0.1", "0.0724", "0.2241", "-1.4", "-0.11", "-1.26", "0.07", "2989", "0.37", "0.05", "-2.09", "-1.7", "0.01", "-0.3", "0.26", "-0.18", "0.24", "0.6", "0.7", "0.5", "0.4", "1", "0.7", "0.4", "5.5", "5.3", "5.6", "0.005402", "-0.14194", "-0.08512", "-0.10634", "-0.0533", "-0.00588", "0.87", "1.91", "1.71", "0.38", "0.94", "1.25"),c("-4.2", "62", "0.127", "0.4", "-0.11", "0.0982", "0.2131", "-1.72", "-0.11", "-1.87", "-0.14", "6827", "0.02", "-0.07", "-2.6", "-1.01", "0.13", "-0.27", "-0.01", "-0.81", "0.16", "0.4", "0.8", "1.1", "0.8", "0.4", "0.5", "0.4", "5.6", "4", "4.4", "0.009071", "-0.18438", "-0.05692", "-0.04698", "-0.01507", "-0.00235", "-0.45", "0.08", "0.69", "-1.85", "0.02", "0.74"),c("-4.5", "15", "0.037", "-0.22", "-0.21", "-0.0737", "0.0295", "-2.17", "-0.21", "-2.25", "-0.15", "2097", "0.01", "-0.08", "-2.69", "-1.8", "0.33", "-0.22", "-0.05", "-1.01", "0.93", "-0.5", "0", "0.3", "-0.2", "-0.6", "-0.5", "-0.6", "5.5", "5.5", "5.4", "-0.002032", "-0.27877", "-0.05316", "-0.05851", "0.0233", "-0.00167", "0.31", "1.11", "0.84", "-0.81", "-0.45", "0.59"),c("-6", "41", "0.382", "0.25", "0.25", "0.0427", "0.0882", "-3.47", "0.25", "-3.76", "0.2", "4600", "-0.05", "0.12", "-3.62", "-3.09", "0.11", "-0.43", "0.05", "-0.33", "0.43", "0.3", "0", "0.1", "0", "0.4", "0.4", "0.3", "5.7", "5.9", "5.9", "0.004353", "0.5603", "0.19667", "0.1293", "0.0791", "0.0119", "-1.14", "-0.2", "0.05", "-1.6", "-1.26", "0.14"),c("-4.8", "46", "-0.17", "0.09", "0.42", "0.0211", "0.0745", "-3.06", "0.42", "-4.2", "0.15", "7632", "-0.12", "0.09", "-3.55", "-3.75", "0.01", "-0.06", "-0.08", "0.08", "-0.27", "0.5", "0", "0.1", "0.1", "0.4", "0.4", "0.4", "5.6", "5.8", "5.9", "-0.005026", "0.35217", "0.20002", "0.07467", "0.04662", "0.00832", "-0.69", "0.47", "0.15", "-1.9", "-0.91", "0.1"),c("-3.6", "34", "0.068", "0.51", "0.11", "0.1598", "0.1099", "-0.67", "0.11", "-0.97", "0.09", "2665", "0.47", "0.06", "-1.95", "-0.5", "0.3", "-0.46", "0.12", "0.42", "0.45", "1.1", "0.9", "0.8", "0.5", "1.3", "1.1", "0.6", "5.9", "5.9", "5.4", "0.009888", "0.04081", "-0.0142", "-0.12627", "-0.06779", "-0.00579", "0.64", "1.94", "1.68", "-0.41", "1.08", "1.59"),c("-5.1", "16", "-0.104", "-0.25", "-0.34", "-0.0395", "-0.0069", "-4.11", "-0.34", "-3.45", "0.01", "1916", "-0.13", "0.01", "-3.43", "-3.11", "-0.14", "0.39", "-0.16", "-0.75", "-0.22", "-0.2", "-0.2", "0", "-0.4", "0.3", "0.3", "0.2", "5.4", "5.8", "6.1", "-0.008698", "0.11287", "0.08185", "0.09356", "0.02119", "0.00497", "0.07", "-0.34", "0.38", "-1.43", "0.83", "0.54"),c("-5.2", "19", "-0.083", "-0.43", "0.2", "0.06601", "-0.0604", "-3.73", "0.19", "-4.25", "0.05", "3930", "-0.19", "0.03", "-3.54", "-3.46", "-0.19", "0.08", "-0.19", "1.41", "-0.09", "-0.2", "-0.1", "-0.2", "-0.3", "-0.7", "-0.6", "-0.6", "5.5", "5.8", "5.6", "-0.006986", "-0.10484", "0.16121", "0.1237", "0.05823", "0.00807", "-0.42", "0.15", "0.27", "-1.75", "-0.87", "-0.04"),c("-3.5", "11", "0.033", "0.28", "0.26", "0.013", "0.1077", "-1.18", "0.26", "-1.75", "-0.12", "1824", "0.11", "-0.11", "-2.53", "-0.83", "-0.03", "-0.57", "-0.07", "0.06", "0.41", "0.1", "0.4", "0.9", "0.3", "0.4", "0.5", "0.8", "4.9", "5.3", "5.2", "-0.003621", "-0.0417", "-0.20538", "-0.13648", "-0.08318", "-0.00713", "1.19", "0.57", "1.05", "0.2", "0.63", "1.11"),c("0", "1.19", "0.31"),c("1.15", "0.83", "0.26"),c("0.06", "-0.24", "-0.5"),c("0.26", "0.23", "-0.55"),c("-0.06", "0.12", "-0.79")
c("-2.9", "64", "0.115", "-0.01", "-0.06", "0.00648", "0.0464", "-1.89", "-0.06", "-2.01", "-0.01", "11447", "0.1", "0.01", "-2.76", "-2.49", "0.08", "-0.15", "0.15", "0.18", "0.24", "-0.1", "0.9", "0.9", "0.8", "0.3", "0.3", "-0.2", "4.7", "4.7", "4.9", "-0.001515", "0.10475", "0.0035", "0.05356", "0.00275", "0.00167", "-0.83", "-0.41", "0.46", "-1.74", "-0.06", "0.45"),c("-3.8", "44", "-0.263", "0.61", "0.17", "0.0856", "0.0442", "-1.22", "0.17", "-1.62", "-0.08", "4790", "0.16", "-0.03", "-2.46", "-2.78", "0.08", "0.19", "0.12", "0.84", "0.91", "0", "0.2", "0.3", "0.2", "-0.2", "-0.4", "-0.8", "5.6", "5.4", "5.7", "-0.00118", "-0.02548", "-0.18824", "-0.09178", "-0.00075", "-0.00364", "0.24", "0.88", "1.07", "-0.81", "0.99", "0.55"),c("-3.1", "42", "-0.334", "0.37", "-0.14", "-0.00054", "0.1452", "-1.31", "-0.14", "-1.58", "-0.23", "5920", "0.09", "-0.12", "-2.36", "-2.13", "-0.32", "-0.16", "0.14", "-0.78", "-0.17", "-0.3", "0.7", "0.4", "0.2", "0.5", "0.3", "-0.4", "5.2", "5.1", "5.2", "0.006249", "-0.28825", "-0.23763", "-0.07509", "-0.00988", "-0.00464", "-0.25", "1.02", "1.04", "-1.16", "0.73", "0.81"),c("-2.7", "37", "-0.565", "-0.09", "-0.31", "0.00055", "0.0424", "-1.46", "-0.32", "-1.63", "-0.36", "8327", "0.1", "-0.2", "-2.31", "-2.34", "-0.13", "0", "0.01", "0.32", "0.29", "-0.9", "0.7", "0.3", "0.2", "0.7", "0.2", "-0.5", "5.2", "4.7", "5.4", "-0.001609", "-0.50285", "-0.17464", "9e-05", "0.01674", "-0.00305", "0.11", "1.04", "0.73", "-1.09", "0.86", "0.54"),c("-4.6", "28", "-0.164", "-0.2", "-0.02", "0.01582", "-0.0132", "-2.86", "-0.03", "-2.86", "0.14", "3012", "-0.13", "0.08", "-3.56", "-3.41", "0.02", "0.15", "0.09", "0.47", "-0.41", "-0.4", "0.6", "0.4", "-0.4", "-0.1", "-0.1", "-0.5", "5.1", "5.3", "5.5", "0.001837", "0.11283", "-0.06203", "-0.00836", "-0.01602", "0.00104", "-1.36", "-0.21", "-0.31", "-2.23", "-0.89", "-0.47"),c("-3.6", "44", "0.298", "0.4", "-0.14", "-0.0284", "0.1169", "-1.37", "-0.15", "-1.49", "-0.06", "3957", "0.22", "-0.04", "-2.34", "-3.06", "0.1", "-0.1", "0.25", "0.18", "0.27", "0", "0.6", "0.2", "0.1", "0.7", "0.3", "-0.2", "5.4", "5.3", "5.3", "-0.009002", "-0.0614", "-0.19343", "-0.05424", "0.02246", "-0.00264", "0.24", "1.27", "1.47", "-1.1", "0.85", "0.75"),c("-3.2", "41", "-0.207", "0.3", "-0.26", "-0.1229", "0.0823", "-1.48", "-0.27", "-1.48", "-0.26", "6343", "0.18", "-0.14", "-2.22", "-2.57", "-0.25", "-0.1", "0.1", "0.15", "1.14", "-0.2", "0.6", "0.4", "0.3", "0.9", "0.5", "-0.2", "5.1", "5.2", "4.9", "0.002888", "-0.35312", "-0.21143", "0.00702", "0.04724", "-0.00227", "0.5", "0.94", "1.23", "-0.85", "0.67", "0.87"),c("-3.8", "145", "-0.1", "-0.04", "-0.16", "-0.0505", "0.1075", "-1.7", "-0.17", "-1.82", "-0.2", "12019", "-0.01", "-0.1", "-2.61", "-1.68", "0.08", "-0.19", "0.1", "-0.05", "-0.09", "0", "0.8", "0.9", "0.8", "0.1", "0.1", "0", "4.5", "4.4", "5.1", "-0.003528", "-0.27119", "-0.20971", "0.00867", "-0.02573", "-0.00315", "-1.11", "0.04", "0.57", "-2.03", "0.08", "0.61"),c("-4.3", "43", "0.08", "-0.59", "-0.05", "0.00167", "-5e-04", "-1.94", "-0.06", "-2.11", "-0.12", "3073", "0.04", "-0.05", "-2.76", "-3.12", "-0.38", "0.08", "0.15", "1.17", "-0.28", "-0.6", "0", "0.1", "-0.2", "-0.6", "-0.6", "-0.9", "5.3", "5.4", "5.5", "0.009858", "-0.11302", "-0.19378", "-0.06447", "0.00237", "-0.00329", "-0.08", "0.75", "0.58", "-1.53", "0.06", "0.46"),c("-5.5", "65", "0.254", "-0.13", "0.21", "0.007", "0.0332", "-3.43", "0.21", "-3.52", "0.33", "6443", "0.03", "0.2", "-3.58", "-3.47", "0.33", "-0.14", "0.35", "0.49", "-0.14", "0.4", "0.3", "0.4", "0.3", "0.4", "0.4", "0", "5.3", "5.4", "5.8", "0.001538", "0.313", "0.35197", "0.04214", "0.00588", "0.00742", "-1.35", "-0.48", "-0.11", "-1.6", "-0.22", "0.09"),c("-4.4", "93", "0.39", "-0.07", "0.25", "0.0255", "0.0959", "-3.16", "0.24", "-3.92", "0.32", "10084", "-0.02", "0.19", "-3.47", "-4.12", "0.26", "-0.19", "0.26", "0.8", "1.13", "0.4", "0.4", "0.4", "0.4", "0.3", "0.4", "0", "5.2", "5.6", "5.5", "0.001004", "0.27135", "0.34207", "0.01289", "-0.00136", "0.00567", "-1.24", "-0.67", "-0.24", "-1.8", "-0.29", "0.01"),c("-3", "51", "-0.246", "0.18", "-0.13", "-0.0366", "0.169", "-0.83", "-0.13", "-1.05", "-0.1", "5117", "0.36", "-0.05", "-2.01", "-1.91", "-0.5", "-0.24", "0.1", "-0.04", "0.13", "0.5", "0.9", "0.7", "0.5", "1.3", "0.7", "-0.1", "4.9", "5.5", "5.4", "0.005015", "0.02715", "-0.13103", "-0.03768", "0.05413", "-0.00151", "0.37", "2.28", "1.37", "-0.83", "0.94", "1.24"),c("-4.1", "14", "0.259", "-0.47", "0.14", "0.0551", "0.0185", "-3.55", "0.14", "-3.03", "0.32", "2205", "0.05", "0.19", "-3.35", "-3.33", "0.25", "-0.01", "0.32", "-0.2", "-0.59", "0", "0.4", "0.3", "-0.1", "0.6", "0.4", "0", "5.5", "5.2", "5.5", "0.002007", "0.19696", "0.10816", "-0.02411", "-0.02691", "0.00105", "-0.57", "0.45", "0.08", "-1.72", "-0.08", "0.56"),c("-4.7", "36", "0.357", "0.14", "0.29", "-0.00013", "0.0398", "-3.56", "0.28", "-4.02", "0.17", "5567", "-0.12", "0.1", "-3.46", "-4.01", "-0.14", "0.05", "0.1", "-0.79", "-0.01", "0", "0.1", "0.1", "0", "-0.7", "-0.6", "-0.8", "5.4", "5.6", "5.5", "-0.001223", "0.28005", "0.09814", "-0.01294", "-0.00236", "0.00283", "-1.13", "-0.92", "-0.34", "-1.77", "-0.41", "0.17"),c("-3.4", "38", "0.057", "0.44", "0.01", "0.112", "0.1626", "-1.35", "0.01", "-1.57", "-0.05", "4843", "0.2", "-0.02", "-2.57", "-1.56", "-0.15", "-0.13", "0.17", "0.6", "0.48", "0.4", "0.6", "0.6", "0.4", "0.5", "0.5", "0.3", "5.4", "5.2", "5.1", "-0.003125", "-0.10791", "-0.11199", "-0.02111", "0.00469", "-0.00189", "0.32", "0.75", "0.76", "-0.48", "0.67", "0.94"),c("-2.5", "34", "-0.15", "-0.13", "-0.2", "-0.0667", "0.0941", "-1.48", "-0.2", "-1.67", "-0.26", "5458", "0.05", "-0.17", "-2.47", "-2.14", "-0.14", "-0.63", "0.13", "0.03", "1.31", "-0.6", "0.6", "0.5", "0.2", "0.3", "0.1", "-0.5", "4.9", "5", "5", "-0.000802", "-0.20955", "-0.18928", "0.0117", "-0.01442", "-0.00249", "-0.36", "0.5", "0.51", "-1.03", "0.33", "0.87"),c("0.96", "0.48", "0.13"),c("0.22", "-0.04", "-1.01"),c("-0.19", "0.47", "0.13"),c("-0.54", "0.18", "-0.24")
c("-3.3", "70", "0.002", "-0.22", "-0.09", "-0.03831", "0.031", "-2.15", "-0.09", "-2.32", "-0.01", "11323", "0.04", "0.01", "-2.97", "-2.38", "0.14", "-0.43", "0", "-0.45", "0.33", "-0.3", "0.5", "0.6", "0.5", "0.2", "0.2", "-0.1", "5.2", "5.1", "4.9", "-0.000218", "-0.04679", "0.00526", "0.0474", "0.0064", "0.00116", "-0.78", "-0.32", "0.5", "-1.87", "0.26", "0.3"),c("-4", "36", "0.25", "-0.17", "-0.35", "-0.093", "-0.021", "-1.97", "-0.35", "-1.9", "-0.05", "4720", "0.11", "-0.02", "-2.55", "-2.43", "0.38", "0", "0", "-0.19", "-0.44", "0.1", "0", "0", "0", "-0.1", "-0.3", "-0.9", "5.9", "6", "6", "0.003967", "-0.05313", "-0.058", "-0.0465", "0.03515", "-8e-04", "0.09", "1.48", "0.9", "-0.89", "0.93", "0.8"),c("-3.5", "46", "-0.018", "-0.27", "-0.11", "0.00302", "0.0155", "-1.51", "-0.11", "-1.88", "-0.22", "5790", "0.04", "-0.11", "-2.43", "-2.05", "-0.3", "-0.23", "0", "0.13", "1.23", "-0.3", "0.3", "0.2", "0.1", "0.5", "0.4", "-0.4", "5.3", "5.5", "5.2", "-0.005914", "-0.28531", "-0.15047", "-0.02649", "0.00571", "-0.00245", "-0.23", "0.35", "0.75", "-0.9", "0.7", "0.54"),c("-3.1", "38", "-0.433", "-0.03", "-0.29", "-0.0422", "0.1043", "-1.66", "-0.29", "-1.8", "-0.22", "7362", "0.11", "-0.13", "-2.43", "-2.41", "-0.26", "-0.24", "0", "0.49", "-0.35", "-0.6", "0.5", "0.1", "0.1", "0.9", "0.3", "-0.4", "5.5", "5.3", "5.2", "0.002193", "-0.36579", "-0.04369", "0.00758", "-0.01276", "-0.0017", "0.08", "0.43", "0.91", "-1", "0.87", "0.51"),c("-4.8", "22", "0.021", "-0.38", "0.19", "0.14216", "-0.0013", "-2.88", "0.18", "-3.11", "0.2", "2475", "-0.15", "0.12", "-3.73", "-2.92", "0.46", "-0.17", "0", "-1.38", "0", "0", "0.5", "0.1", "-0.5", "-0.1", "0", "-0.4", "5.6", "5.5", "6", "0.00262", "0.27539", "-0.02885", "-0.04399", "-0.01331", "-5e-05", "-1.6", "-1.44", "-0.26", "-2.39", "-0.78", "-0.37"),c("-3.7", "28", "0.06", "-0.17", "-0.14", "0.0725", "-0.0243", "-1.59", "-0.14", "-1.9", "-0.16", "4412", "0.12", "-0.08", "-2.46", "-3.44", "-0.32", "-0.17", "0", "-0.2", "-0.28", "-0.2", "0.4", "0.1", "0", "0.6", "0.4", "-0.4", "5.6", "5.3", "6.3", "0.001006", "-0.23014", "-0.16004", "-0.01817", "0.01648", "-0.00192", "-0.03", "0.38", "1.03", "-1.03", "0.58", "0.81"),c("-3.3", "28", "-0.006", "0.15", "0", "0.0788", "0.0675", "-1.45", "-0.01", "-1.74", "-0.21", "6172", "0.16", "-0.1", "-2.33", "-2.34", "-0.07", "-0.23", "0", "0.81", "-0.11", "-0.2", "0.4", "0.2", "0.1", "1", "0.5", "-0.4", "5.4", "5.2", "5.3", "0.000948", "-0.29144", "-0.1265", "-0.02133", "-0.0025", "-0.00215", "0.31", "1.36", "1.25", "-1.17", "1.2", "0.81"),c("-4.1", "116", "-0.106", "0.13", "-0.26", "-0.0574", "0.1763", "-2.03", "-0.27", "-2.08", "-0.15", "11312", "-0.04", "-0.07", "-2.78", "-1.81", "-0.11", "-0.21", "0", "0.1", "0.73", "0", "0.5", "0.6", "0.6", "0.2", "0.2", "0", "5.9", "5.5", "5", "0.001084", "-0.24551", "-0.08635", "-0.00796", "-0.01628", "-0.00215", "-1.23", "-0.38", "0.55", "-1.84", "0.12", "0.38"),c("-4.5", "36", "0.061", "-0.27", "-0.19", "-0.00499", "0.0681", "-2.31", "-0.2", "-2.42", "-0.12", "3071", "-0.03", "-0.06", "-2.97", "-2.73", "-0.05", "0.06", "0", "0.8", "-0.27", "-0.6", "0.1", "0", "-0.2", "-0.6", "-0.5", "-0.9", "5.5", "5.6", "5.9", "-0.005871", "-0.25624", "-0.08904", "-0.03512", "0.01188", "-0.00212", "-0.4", "0.2", "0.55", "-1.29", "0.52", "0.31"),c("-5.9", "67", "0.167", "-0.29", "0.14", "0.0158", "-0.07", "-3.74", "0.13", "-4.03", "0.13", "7958", "-0.15", "0.08", "-3.87", "-3.61", "0.14", "-0.05", "0", "-0.29", "-0.18", "0", "-0.3", "-0.2", "-0.2", "0.3", "0.4", "-0.3", "5.6", "5.8", "6.1", "-0.004179", "0.2867", "0.11428", "0.00418", "-0.02153", "0.00232", "-1.52", "-1.14", "-0.2", "-2", "-0.3", "-0.28"),c("-4.8", "110", "0.075", "-0.39", "0.2", "0.0169", "-0.0316", "-3.43", "0.2", "-4.34", "0.21", "11387", "-0.15", "0.12", "-3.61", "-4.28", "0.04", "-0.05", "0", "0.3", "-0.18", "0.3", "0", "0", "0", "0.3", "0.4", "-0.3", "5.6", "5.8", "5.9", "0.00377", "0.31011", "0.15723", "0.01068", "0.00533", "0.0038", "-1.48", "-1", "-0.26", "-1.8", "-0.24", "-0.05"),c("-3.3", "50", "-0.17", "0.09", "-0.09", "0.0082", "0.0467", "-1.02", "-0.09", "-1.31", "-0.05", "4940", "0.33", "-0.02", "-2.13", "-1.64", "-0.29", "-0.22", "0", "0.38", "-0.16", "0.6", "0.8", "0.5", "0.4", "1.2", "0.8", "-0.2", "5.3", "5.7", "5.6", "-0.005895", "-0.13219", "-0.12997", "-0.01572", "0.02293", "-0.00127", "0.09", "1.38", "1.42", "-1.12", "1.11", "1.1"),c("-4.6", "16", "0.087", "0.06", "0.19", "0.0894", "0.0018", "-3.73", "0.19", "-3.51", "0.15", "2595", "-0.11", "0.09", "-3.62", "-3.33", "0.19", "0.1", "0", "-0.4", "-0.62", "0.2", "0", "-0.1", "-0.3", "0.5", "0.3", "-0.2", "5.5", "5.9", "5.7", "-0.00219", "0.3009", "0.10441", "-0.00949", "0.00568", "0.00236", "-1.12", "-0.35", "0.5", "-1.4", "0.01", "0.46"),c("-5.1", "39", "0.058", "-0.19", "0.31", "0.01352", "-0.112", "-3.76", "0.31", "-4.28", "0.22", "5281", "-0.15", "0.13", "-3.7", "-3.85", "-0.02", "0.03", "0", "0.32", "-0.29", "0", "-0.2", "-0.2", "-0.3", "-0.8", "-0.6", "-0.8", "5.7", "6.1", "5.9", "0.004102", "0.37472", "0.14806", "0.03108", "0.01079", "0.0046", "-1.08", "-0.97", "-0.22", "-1.52", "-0.08", "0.08"),c("-3.6", "32", "0.108", "0.36", "-0.07", "0.062", "0.1908", "-1.66", "-0.07", "-1.9", "-0.07", "4806", "0.13", "-0.03", "-2.68", "-1.24", "0.11", "-0.13", "0", "0.47", "0.34", "0.3", "0.2", "0.5", "0.3", "0.6", "0.5", "0.2", "5.4", "5.5", "5.3", "0.005402", "0.02844", "-0.13377", "0.02446", "0.01434", "-5e-04", "0", "-0.05", "0.88", "-0.72", "0.65", "0.67"),c("-3.3", "69", "-0.43", "0.05", "-0.08", "0.00262", "0.0228", "-1.59", "-0.08", "-1.96", "-0.24", "9465", "0.04", "-0.12", "-2.74", "-2.22", "-0.27", "-0.05", "0", "0.32", "0.03", "-0.5", "0.4", "0.2", "0.2", "0.5", "0.2", "-0.5", "4.8", "5.2", "5.2", "-0.002393", "-0.32381", "-0.07783", "-0.0139", "0.0067", "-0.00188", "-0.4", "-0.16", "0.69", "-1.31", "0.47", "0.54"),c("-3.1", "29", "-0.315", "0.26", "0.03", "0.06636", "0.015", "-1.72", "0.02", "-2.12", "-0.09", "4387", "0.03", "-0.07", "-2.81", "-2.12", "-0.22", "-0.58", "0", "-0.38", "-0.41", "-0.3", "0.1", "0.2", "0", "0.6", "0.3", "-0.5", "5.4", "5.4", "5.5", "0.003269", "-0.19546", "-0.08219", "-0.01606", "-0.00561", "-0.00185", "-0.37", "0.29", "0.56", "-1.29", "0.41", "0.69"),c("-0.53", "0.41", "-0.31"),c("-0.76", "0.11", "0.12"),c("-0.73", "-0.15", "-0.32")
c("-5.2", "38", "0.117", "-0.08", "-0.09", "0.0095", "-0.088", "-3.93", "-0.09", "-3.82", "0.01", "3453", "-0.27", "0.02", "-3.81", "-4.66", "-0.38", "0.08", "-0.4", "-0.04", "0.24", "-0.7", "-0.6", "-0.5", "-0.6", "0.1", "0.3", "0.2", "5.8", "5.9", "5.8", "-0.009737", "0.20001", "-0.11261", "0.08732", "0.01054", "0.00193", "-1.4", "-1.85", "-0.41", "-2.2", "-0.03", "-0.28"),c("-5.8", "15", "-0.244", "-0.78", "-0.16", "-0.0219", "-0.207", "-3.56", "-0.16", "-3.41", "-0.04", "1588", "-0.21", "-0.02", "-3.42", "-4.54", "0.04", "0.37", "-0.41", "0.23", "-0.14", "-0.9", "-0.6", "-0.6", "-0.9", "-0.5", "-0.6", "-0.7", "6", "5.9", "6.3", "-0.014845", "-0.33116", "0.04019", "0.07735", "-0.03369", "0.00135", "-0.65", "0.45", "-0.06", "-1.39", "-0.11", "-0.04"),c("-5.3", "21", "0.538", "-0.68", "0.06", "-0.01788", "-0.025", "-3.11", "0.07", "-3.07", "0.11", "1381", "-0.1", "0.07", "-3.23", "-3.31", "0.2", "0.04", "-0.09", "1.45", "-0.04", "-0.1", "0", "-0.2", "-0.6", "-0.4", "-0.5", "-0.8", "5.7", "6.5", "6.2", "-0.003028", "0.28602", "0.03693", "0.00987", "-0.0182", "0.00263", "-0.48", "-0.03", "-0.19", "-1.13", "0.27", "0.13"),c("-5.1", "24", "1.287", "0.24", "0.24", "-0.00609", "-0.0124", "-2.91", "0.24", "-2.84", "0.26", "1444", "0.07", "0.15", "-3.12", "-3.81", "0.11", "0.02", "0.06", "-0.05", "-1.41", "-0.2", "0", "0", "-0.4", "-0.2", "-0.5", "-0.5", "6.6", "6", "6.3", "-0.007832", "0.50378", "-0.00891", "0.02263", "-0.03207", "0.00341", "-0.04", "0.8", "0.32", "-1", "0.66", "0.43"),c("-6.9", "17", "0.08", "-0.3", "0.08", "0.04886", "-0.1176", "-4.76", "0.08", "-4.95", "-0.12", "1168", "-0.66", "-0.07", "-4.6", "-4.7", "0.44", "0", "-0.74", "-2.09", "-0.32", "-0.5", "-0.7", "-0.7", "-1.5", "-1.2", "-1.1", "-1.3", "5.3", "6.1", "6.5", "-0.035239", "0.09401", "-0.17325", "-0.02572", "-0.09886", "-0.01294", "-2.02", "-1.64", "-0.79", "-3.03", "-1.5", "-0.63"),c("-5.8", "22", "0.459", "0.4", "0.08", "-0.0157", "-0.054", "-3.16", "0.07", "-3.11", "0.15", "1057", "-0.02", "0.1", "-3.25", "-4.87", "0.01", "0.22", "-0.11", "-1.14", "0", "-0.2", "-0.4", "-0.5", "-0.9", "-0.4", "-0.5", "-0.9", "5.5", "6.2", "6.7", "0.012075", "-0.0457", "-0.03032", "-0.06867", "0.00147", "5e-04", "-0.88", "-0.23", "-0.14", "-1.72", "0.65", "-0.01"),c("-5.2", "15", "-0.089", "0.32", "0.29", "0.1134", "-0.0967", "-2.94", "0.28", "-2.99", "0.06", "1521", "0", "0.06", "-3.04", "-3.84", "0.2", "0", "-0.15", "-0.41", "1.13", "0.1", "-0.1", "-0.2", "-0.5", "-0.2", "-0.3", "-0.6", "6.3", "6.2", "6.8", "-0.009357", "0.16071", "-0.09799", "-0.04921", "-0.01159", "0.00199", "-0.43", "0.11", "0.58", "-1.21", "0.5", "0.44"),c("-5.8", "52", "0.036", "-0.14", "0.18", "0.1083", "-0.1567", "-3.37", "0.17", "-3.42", "0.03", "2946", "-0.25", "0.04", "-3.47", "-3.77", "-0.31", "0.1", "-0.24", "0.51", "0.87", "-0.5", "0", "0.2", "-0.2", "0.3", "0.2", "0.1", "5.8", "5.2", "4.5", "-0.012366", "0.24344", "-0.09435", "0.10405", "-0.0624", "0.00064", "-1.58", "-0.95", "0.07", "-2.58", "-0.12", "-0.17"),c("-6.5", "23", "-0.098", "-0.41", "-0.12", "-0.01956", "-0.02", "-4.02", "-0.13", "-3.98", "-0.16", "1091", "-0.37", "-0.08", "-3.94", "-4.5", "-0.05", "0", "-0.46", "1.1", "0.91", "-1.2", "-0.9", "-0.7", "-1.2", "-0.9", "-0.8", "-1.1", "5.5", "6", "6.6", "-0.006739", "-0.17229", "-0.02796", "-0.11836", "-0.05614", "-0.00617", "-0.78", "0.67", "-0.62", "-1.5", "-0.32", "-0.44"),c("-7.8", "40", "-0.505", "-0.89", "0.02", "0.0093", "-0.1961", "-5.64", "0.01", "-5.78", "-0.1", "3101", "-0.6", "-0.05", "-4.98", "-5.79", "-0.26", "0.43", "-0.65", "-0.63", "-1.9", "-0.9", "-1.3", "-1.1", "-1.2", "-1.2", "-1", "-1.2", "6.2", "6.3", "6.6", "0.002734", "-0.1598", "0.13403", "0.0343", "0.09042", "0.00233", "-2.4", "-1.58", "-1.58", "-2.9", "-1.13", "-1.28"),c("-6.8", "68", "-0.635", "-0.97", "-0.09", "-0.041", "-0.2639", "-5.5", "-0.09", "-6.14", "-0.07", "4810", "-0.62", "-0.03", "-4.87", "-6.4", "-0.31", "0.25", "-0.7", "-0.44", "-0.85", "-0.8", "-1.4", "-1.1", "-1.2", "-1.1", "-1", "-1.1", "6.3", "6.3", "6.6", "0.010659", "-0.16843", "0.13555", "-0.06007", "0.05414", "-0.00152", "-2.27", "-2.13", "-1.16", "-2.8", "-1.01", "-0.98"),c("-5", "20", "-0.822", "-0.3", "0.22", "0.0117", "-0.1152", "-2.49", "0.22", "-2.69", "0.09", "1367", "0.09", "0.06", "-2.84", "-3.12", "1", "0.06", "-0.28", "-0.38", "0.33", "0.1", "-0.1", "-0.1", "-0.5", "0", "-0.2", "-0.5", "5.6", "5.7", "5", "-0.001668", "-0.24586", "0.14321", "0.14702", "0.03346", "0.00623", "-0.55", "0.61", "0.18", "-1.55", "0.52", "0.23"),c("-6.9", "17", "-0.783", "-0.07", "-0.67", "-0.2448", "-0.0775", "-6.37", "-0.67", "-5.55", "-0.37", "1393", "-0.73", "-0.21", "-4.87", "-5.49", "-0.2", "0", "-0.94", "-0.33", "-0.3", "-1.3", "-1.5", "-1.2", "-1.6", "-1.1", "-1", "-1.1", "6.1", "6.5", "6.6", "0.984886", "-0.09998", "0.00104", "-0.06644", "-0.01871", "-0.00484", "-2.2", "-1.75", "-1.03", "-2.31", "-1.08", "-0.5"),c("-7.4", "41", "-0.185", "-0.89", "-0.16", "0.00303", "-0.3405", "-6.02", "-0.17", "-6.16", "-0.14", "2498", "-0.68", "-0.08", "-5.07", "-5.72", "-0.13", "0.34", "-0.78", "-0.8", "0.58", "-1.3", "-1.5", "-1.3", "-1.4", "-1.2", "-1.2", "-1.4", "6.2", "6.5", "6.3", "0.006057", "-0.13588", "-0.05715", "-0.11108", "-0.0297", "-0.00939", "-2.4", "-1.59", "-1.33", "-2.81", "-1.04", "-1.02"),c("-5.6", "19", "-0.312", "-0.44", "-0.28", "-0.174", "-0.091", "-3.66", "-0.29", "-3.73", "-0.38", "2253", "-0.37", "-0.21", "-3.6", "-3.96", "-0.85", "0.35", "-0.73", "-2.24", "-2.51", "-0.7", "-0.8", "-0.7", "-0.9", "-0.8", "-0.8", "-0.9", "5.4", "5.8", "5.9", "0.013914", "-0.55908", "-0.13591", "0.01048", "-0.01974", "-0.00255", "-0.75", "-1.07", "-0.56", "-2.05", "-0.32", "-0.33"),c("-5", "31", "0.298", "-0.2", "0.34", "0.07002", "-0.0802", "-2.95", "0.34", "-2.99", "0.25", "1889", "-0.01", "0.15", "-3.3", "-2.86", "0.86", "0.05", "0.07", "-0.08", "-0.77", "-0.1", "-0.1", "-0.2", "-0.5", "-0.5", "-0.7", "-0.8", "5.8", "5.7", "5.6", "-0.00233", "0.36554", "-0.03151", "0.01889", "-0.03103", "0.00112", "-0.72", "-0.34", "0.15", "-1.5", "-0.03", "0.14"),c("-5.1", "20", "0.04", "0.07", "0.22", "0.06563", "0.0052", "-3.31", "0.21", "-3.22", "0.33", "1708", "-0.02", "0.2", "-3.44", "-3.48", "0.18", "0.03", "0", "-0.61", "0.32", "0", "-0.2", "-0.3", "-0.6", "-0.8", "-0.6", "-0.8", "6.1", "6.5", "6.5", "0.003848", "0.33614", "0.03798", "0.0165", "0.0839", "0.00473", "-1.22", "-0.4", "-0.19", "-1", "-0.1", "-0.19"),c("-6.8", "7", "0.707", "0.02", "-0.12", "-0.0382", "-0.1066", "-5.42", "-0.12", "-5.06", "0.01", "519", "-0.64", "-0.1", "-4.74", "-5.16", "0.27", "0", "-0.74", "-0.97", "-1.35", "-0.8", "-1.2", "-1.1", "-1.7", "-1.4", "-1.1", "-1.6", "6.4", "7.5", "7", "0.131813", "0.05462", "-0.051", "-0.07522", "-0.11149", "-0.00844", "-1.21", "-1.29", "-1.83", "-1.6", "-0.67", "-0.46"),c("-1.27", "-0.67", "-0.73"),c("-1.79", "-0.92", "-0.64")
c("-4.7", "65", "-0.03", "-0.37", "0.09", "0.01587", "-0.1408", "-2.85", "0.08", "-3.36", "0.07", "7942", "-0.2", "0.05", "-3.41", "-3.96", "0", "0.15", "-0.15", "-0.08", "-0.5", "-0.5", "-0.4", "-0.2", "-0.3", "0", "0.2", "-0.1", "5.5", "5.6", "5.7", "-0.000724", "0.12835", "-0.05314", "0.03904", "0.01209", "0.0011", "-1.1", "-0.88", "-0.22", "-2.57", "-0.44", "-0.07"),c("-5.6", "45", "0.044", "0.21", "-0.25", "-0.0652", "-0.1369", "-2.75", "-0.26", "-3.16", "-0.19", "4433", "-0.25", "-0.1", "-3.01", "-4.32", "-0.07", "0.42", "-0.37", "-1.64", "0.54", "-0.4", "-0.7", "-0.7", "-0.7", "-0.3", "-0.5", "-1", "6", "6.3", "6.5", "0.004237", "-0.14488", "0.01551", "0.02232", "-0.04663", "0.00062", "-0.49", "-0.2", "-0.07", "-1.57", "0.2", "0.22"),c("-5", "50", "-0.491", "-0.74", "-0.2", "-0.07248", "-0.1149", "-2.47", "-0.2", "-2.76", "0.02", "3792", "-0.11", "0.02", "-2.82", "-3.14", "0.04", "0.26", "0.01", "0.43", "0.22", "-0.5", "-0.2", "-0.2", "-0.3", "-0.3", "-0.6", "-0.8", "5.7", "5.9", "6.1", "-0.006968", "0.12638", "0.058", "-0.01661", "-0.02262", "0.00175", "-0.28", "-0.29", "0.52", "-1.47", "0.2", "0.4"),c("-4.7", "52", "0.694", "0.11", "0", "0.00165", "-0.1165", "-2.25", "-0.01", "-2.76", "-0.06", "5105", "-0.07", "-0.03", "-2.84", "-3.63", "-0.04", "0.25", "-0.07", "0.04", "-0.27", "-0.3", "-0.2", "-0.1", "-0.2", "-0.2", "-0.5", "-0.7", "5.7", "6.2", "6.2", "0.000182", "0.46473", "-0.12981", "-0.05851", "-0.00868", "0.00156", "-0.22", "0.14", "0.46", "-1.5", "0.2", "0.38"),c("-6.6", "43", "0.069", "-0.96", "0.04", "0.02167", "-0.2444", "-3.89", "0.04", "-4.16", "0.27", "2045", "-0.39", "0.16", "-4.08", "-4.71", "0.1", "0.25", "-0.16", "-0.65", "-0.23", "-0.1", "-0.1", "-0.3", "-1", "-1.2", "-1", "-1.1", "6.1", "6.1", "5.9", "0.002585", "0.16464", "0.00201", "-0.01389", "0.03435", "-0.0026", "-2.05", "-1.31", "-0.87", "-2.92", "-1.26", "-0.58"),c("-5.2", "32", "-0.036", "-0.39", "-0.2", "-0.029", "-0.1431", "-2.53", "-0.21", "-2.97", "-0.11", "3350", "-0.14", "-0.06", "-2.9", "-4.75", "-0.21", "0.26", "-0.18", "-0.64", "-0.79", "-0.5", "-0.3", "-0.3", "-0.4", "-0.3", "-0.4", "-0.8", "5.6", "6.7", "5.5", "-0.005137", "-0.03777", "-0.02419", "-0.04713", "-0.03331", "0.00011", "-0.33", "0.09", "0.38", "-1.31", "0.16", "0.09"),c("-4.9", "40", "-0.004", "0.22", "-0.1", "-0.0183", "-0.0522", "-2.42", "-0.11", "-2.79", "-0.14", "4601", "-0.08", "-0.06", "-2.71", "-3.62", "0.08", "0.08", "-0.16", "-0.16", "-0.84", "0", "-0.2", "-0.2", "-0.2", "-0.1", "-0.4", "-0.7", "5.8", "6.1", "6.5", "0.003261", "0.18883", "-0.03815", "-0.08186", "0.00113", "0.00221", "-0.12", "0.71", "0.59", "-1.27", "0.1", "0.47"),c("-5.4", "103", "0.121", "-0.32", "0.14", "0.0607", "-0.0176", "-2.5", "0.13", "-3.01", "0.04", "7235", "-0.22", "0.03", "-3.12", "-3.34", "-0.21", "0.07", "-0.04", "-0.56", "-0.62", "-0.4", "0.1", "0.3", "0.2", "0.4", "0.2", "0", "4.3", "4.8", "6.2", "-0.000737", "0.1064", "-0.00928", "0.04", "-0.01505", "0.00113", "-1.05", "-0.56", "0.4", "-2.69", "-0.21", "0.28"),c("-6.1", "44", "-0.305", "-0.67", "-0.34", "-0.07678", "-0.1976", "-3.33", "-0.35", "-3.52", "-0.1", "2441", "-0.3", "-0.05", "-3.42", "-3.78", "0.34", "0.47", "-0.21", "-1.02", "-1.34", "-0.8", "-0.8", "-0.7", "-0.9", "-0.6", "-0.7", "-1.2", "5.7", "6.2", "5.7", "0.007276", "0.02691", "0.00739", "-0.03306", "-0.01576", "-0.00113", "-0.59", "-0.57", "-0.17", "-1.74", "-0.52", "-0.18"),c("-7.4", "81", "-0.1", "-0.87", "0.11", "-0.0112", "-0.3164", "-4.63", "0.11", "-5.25", "0.03", "6770", "-0.49", "0.02", "-4.51", "-5.39", "-0.12", "0.34", "-0.33", "-1.34", "-1.42", "-0.5", "-1", "-0.8", "-0.9", "-1.1", "-0.8", "-1.2", "6", "6.2", "6.2", "-0.004792", "-0.1696", "0.08237", "0.02135", "0.07198", "0.00035", "-2.01", "-1.66", "-1.29", "-2.9", "-1.26", "-0.74"),c("-6.2", "105", "-0.289", "-0.6", "0.24", "0.054", "-0.2614", "-4.26", "0.24", "-5.67", "0", "10806", "-0.55", "0", "-4.32", "-5.67", "0.08", "0.27", "-0.44", "0.25", "-0.53", "-0.1", "-0.9", "-0.9", "-0.9", "-1.1", "-0.9", "-1.1", "5.8", "6.1", "6", "0.00354", "-0.20609", "0.03594", "0.00677", "0.03288", "-0.00204", "-1.93", "-1.38", "-1.15", "-2.7", "-1.3", "-0.56"),c("-4.9", "64", "-0.294", "-0.2", "-0.21", "-0.109", "-0.112", "-2.01", "-0.21", "-2.6", "-0.22", "4678", "-0.05", "-0.12", "-2.58", "-2.64", "0.14", "0.26", "-0.4", "-0.2", "-1.06", "-0.2", "-0.2", "-0.2", "-0.3", "0", "-0.3", "-0.8", "5.6", "5.7", "5.8", "0.007956", "-0.16896", "-0.0311", "0.06447", "0.00194", "0.00355", "-0.41", "1.4", "0.83", "-1.42", "0.6", "0.62"),c("-6.1", "19", "-0.218", "-1.1", "-0.13", "0.0085", "-0.1621", "-4.92", "-0.13", "-4.91", "-0.13", "2765", "-0.56", "-0.08", "-4.3", "-5.01", "-0.05", "0.47", "-0.51", "-0.19", "0.02", "-0.6", "-1.1", "-0.8", "-1", "-0.9", "-1", "-1.1", "6.3", "6.1", "6", "-0.003258", "-0.22924", "-0.01117", "-0.00096", "-0.01283", "-0.00387", "-1.69", "-1.6", "-0.98", "-2.26", "-0.76", "-0.26"),c("-6.6", "45", "-0.335", "-0.82", "0", "0.01074", "-0.4212", "-4.95", "-0.01", "-5.66", "-0.04", "5549", "-0.58", "-0.02", "-4.43", "-5.33", "-0.07", "0.43", "-0.49", "-0.79", "-1.43", "-0.5", "-1", "-0.9", "-1", "-1.2", "-1", "-1.3", "5.9", "6.4", "6.1", "-0.003256", "-0.01526", "-0.03704", "-0.02173", "0.00165", "-0.00403", "-2.05", "-1.97", "-1.16", "-2.73", "-1.17", "-0.63"),c("-5.2", "42", "0.071", "-0.45", "-0.33", "-0.091", "-0.1326", "-2.8", "-0.34", "-3.19", "-0.24", "4653", "-0.25", "-0.13", "-3.23", "-2.92", "-0.13", "0.24", "-0.4", "-0.68", "-0.17", "-0.9", "-0.5", "-0.5", "-0.6", "-0.8", "-0.8", "-0.8", "5.8", "5.6", "6", "0.000996", "-0.41613", "-0.10661", "-0.0559", "-0.04774", "-0.00376", "-0.41", "-0.73", "-0.16", "-1.69", "-0.42", "0.04"),c("-4.7", "71", "0.442", "0.25", "0.09", "0.06797", "0.0214", "-2.3", "0.08", "-2.78", "0.06", "5537", "-0.08", "0.04", "-2.97", "-3.43", "-0.03", "0.12", "0.07", "-0.83", "-0.86", "-0.1", "0.1", "0.1", "0", "-0.6", "-0.6", "-0.8", "5.8", "5.9", "6.1", "-0.001895", "0.31614", "-0.02162", "0.00139", "-0.03088", "0.00071", "-0.62", "-0.32", "0.34", "-1.61", "0.05", "0.23"),c("-4.9", "53", "0.492", "-0.23", "0.13", "0.05679", "-0.1445", "-2.48", "0.13", "-3.01", "0.14", "5102", "-0.09", "0.09", "-3.16", "-3.33", "0", "0.15", "0", "0.67", "-0.19", "-0.2", "-0.2", "-0.2", "-0.2", "-0.6", "-0.5", "-0.8", "5.9", "6.1", "6.5", "-0.001235", "0.36576", "0.06792", "0.00633", "-0.02709", "0.00155", "-0.74", "-0.37", "-0.12", "-1.46", "-0.27", "0.27"),c("-6.8", "32", "-0.105", "-0.99", "-0.04", "0.061", "-0.3209", "-4.44", "-0.05", "-4.66", "0.01", "1975", "-0.49", "0.01", "-4.2", "-5.12", "-0.02", "0.59", "-0.55", "-0.85", "-1.96", "-0.5", "-1.2", "-1.1", "-1.3", "-1.1", "-1", "-1.3", "6.5", "6.9", "6.1", "0.003708", "-0.0328", "-0.00889", "-0.09071", "-0.01196", "-0.00508", "-1.82", "-1.4", "-0.79", "-2", "-1.2", "-0.87"),c("-6", "33", "0.211", "0.35", "0.06", "-0.0484", "-0.2793", "-3.55", "-0.07", "-4.17", "0.1", "2491", "-0.45", "0.01", "-3.69", "-4.58", "0.2", "0.09", "-0.27", "-2.22", "-1.35", "-0.8", "-0.8", "-0.7", "-0.9", "-0.9", "-0.8", "-1.1", "6.3", "6.5", "6.2", "-0.007699", "-0.01669", "0.00158", "-0.03925", "-0.05834", "-0.00498", "-1.13", "-0.96", "-0.77", "-1.6", "-0.75", "-0.18"),c("-1.38", "-0.78", "-0.84")
c("-4.3", "101", "-0.359", "-0.6", "-0.1", "-0.08515", "-0.1431", "-3.62", "-0.11", "-4.04", "-0.13", "21733", "-0.32", "-0.07", "-3.93", "-3.86", "-0.11", "-0.01", "-0.38", "-0.54", "-0.36", "-0.6", "-0.4", "-0.1", "0", "-0.5", "-0.2", "-0.4", "4.9", "5.4", "5.2", "0.003642", "-0.27134", "-0.02354", "-0.07279", "-0.02005", "-0.0059", "-1.84", "-1.74", "-0.51", "-3.07", "-0.83", "-0.18"),c("-4.9", "44", "-0.011", "-0.48", "0.3", "0.023", "0.0475", "-2.78", "0.29", "-3.07", "0.38", "4867", "0.08", "0.23", "-3", "-3.7", "0.35", "-0.04", "0.17", "0.41", "0.53", "0.3", "0", "0.1", "0", "-0.3", "-0.3", "-0.6", "5.6", "6", "6", "-0.005168", "0.33279", "0.33249", "0.17288", "0.03622", "0.01208", "-0.47", "0.85", "0.49", "-1.26", "0.2", "0.43"),c("-4.3", "50", "0.158", "-0.24", "0.5", "0.01472", "0.118", "-2.36", "0.49", "-2.83", "0.43", "4792", "0.12", "0.25", "-3.02", "-2.76", "0.22", "-0.12", "0.39", "0.71", "0.54", "0.2", "0.5", "0.5", "0.3", "0.7", "0.7", "0.1", "5.4", "5.6", "5.4", "-0.00104", "0.47451", "0.40194", "0.10802", "0.04989", "0.0117", "-0.71", "0.24", "0.48", "-1.33", "0.48", "0.54"),c("-4", "53", "0.442", "0.25", "0.58", "0.0684", "0.2728", "-2.25", "0.57", "-2.48", "0.7", "4606", "0.36", "0.4", "-2.82", "-3.28", "0.11", "-0.29", "0.66", "0.31", "0.2", "0.7", "1", "0.8", "0.6", "1", "0.8", "0.4", "5.5", "5.6", "5.6", "9.2e-05", "0.44658", "0.49624", "0.14779", "0.0341", "0.01302", "-0.37", "0.72", "0.67", "-1.08", "0.62", "0.59"),c("-6", "53", "-0.026", "-0.94", "0.06", "-0.06069", "-0.2349", "-4.46", "0.05", "-4.96", "-0.05", "4768", "-0.59", "-0.04", "-4.53", "-4.82", "-0.22", "-0.09", "-0.51", "-0.46", "-0.58", "-0.8", "-0.6", "-0.5", "-0.7", "-0.3", "-0.3", "-0.9", "5.4", "5.7", "5.8", "0.000296", "0.09778", "-0.01849", "0.00772", "-0.01558", "-0.00933", "-2.72", "-2.25", "-1.4", "-3.33", "-1.44", "-1.22"),c("-4.7", "46", "-0.191", "-0.09", "0.24", "0.0097", "0.1061", "-2.67", "0.23", "-3.07", "0.27", "4541", "0.08", "0.16", "-3.05", "-4.29", "0.05", "0.08", "0.17", "0.37", "-0.06", "0.2", "0.2", "0.3", "0.1", "0.4", "0.6", "0", "5.6", "5.4", "6", "2.9e-05", "0.08581", "0.2812", "0.11813", "0.01771", "0.00952", "-0.32", "0.45", "0.66", "-1.33", "0.17", "0.23"),c("-4.2", "39", "0.255", "-0.02", "0.34", "0.0595", "0.101", "-2.56", "0.33", "-2.67", "0.46", "5241", "0.26", "0.28", "-2.84", "-3.2", "0.3", "-0.13", "0.41", "0.34", "0.47", "0.4", "0.5", "0.5", "0.4", "0.8", "0.9", "0.2", "5.3", "5.4", "5.5", "0.001387", "0.22764", "0.41691", "0.11895", "0.04775", "0.0125", "-0.23", "0.81", "0.63", "-1.07", "0.73", "0.74"),c("-5.1", "183", "0.141", "-0.2", "0.16", "0.0406", "0.1859", "-3.06", "0.15", "-3.38", "0.15", "13584", "-0.15", "0.1", "-3.42", "-2.77", "0.17", "-0.13", "0.04", "-0.12", "-0.43", "0.2", "0.5", "0.8", "0.7", "0.1", "0.3", "0.1", "5.2", "4.6", "4.9", "0.001995", "0.23105", "0.14201", "0.0234", "0.0042", "0.00366", "-1.98", "-1.29", "-0.06", "-2.78", "-0.12", "0.04"),c("-5.3", "42", "0.006", "-0.35", "0.19", "-0.001", "-0.0039", "-3.38", "0.18", "-3.58", "0.32", "3215", "-0.06", "0.19", "-3.44", "-4.14", "-0.23", "-0.1", "0.18", "0.67", "0.51", "-0.2", "0", "-0.1", "-0.3", "-0.7", "-0.4", "-0.9", "5.4", "5.6", "5.8", "-0.006893", "0.15787", "0.34177", "0.07075", "0.0164", "0.00668", "-0.88", "-0.24", "0.28", "-1.7", "-0.26", "0.09"),c("-7.3", "216", "-0.253", "-0.98", "-0.25", "-0.1095", "-0.4223", "-5.58", "-0.26", "-6.05", "-0.29", "19830", "-0.67", "-0.16", "-5.01", "-5.31", "-0.33", "0.2", "-0.68", "-0.98", "-1.46", "-0.7", "-1.2", "-1", "-1", "-0.5", "-0.2", "-0.9", "5.6", "6", "6.1", "0.002618", "-0.1963", "-0.27482", "-0.13605", "-0.04232", "-0.02164", "-2.66", "-2.46", "-1.25", "-3.5", "-1.64", "-0.9"),c("-6.2", "306", "-0.454", "-1.03", "-0.29", "-0.1274", "-0.4593", "-5.38", "-0.3", "-6.48", "-0.33", "32623", "-0.74", "-0.19", "-4.85", "-6.03", "-0.48", "0.21", "-0.8", "-1.03", "-0.77", "-0.6", "-1.2", "-0.9", "-0.9", "-0.4", "-0.4", "-1", "5.6", "6", "6.1", "-0.00194", "-0.10641", "-0.27941", "-0.06701", "-0.00721", "-0.01432", "-2.57", "-2.38", "-1.5", "-3.5", "-1.59", "-0.93"),c("-4.2", "67", "0.253", "-0.08", "0.44", "0.0331", "0.0609", "-1.95", "0.43", "-2.49", "0.37", "5437", "0.29", "0.22", "-2.69", "-2.19", "0.4", "-0.2", "0.16", "0.17", "0.75", "0.9", "0.7", "0.5", "0.4", "0.7", "1", "0.1", "5.7", "5.9", "6.3", "-0.006987", "0.23784", "0.3311", "0.12223", "0.01947", "0.01161", "-0.37", "0.37", "1.14", "-1.21", "0.52", "0.81"),c("-6", "52", "-0.265", "-0.94", "-0.14", "-0.0634", "-0.2127", "-5.52", "-0.15", "-5.32", "-0.06", "5343", "-0.51", "-0.03", "-4.59", "-5.16", "-0.4", "0.38", "-0.47", "-0.93", "-1.22", "-0.5", "-0.8", "-0.8", "-0.8", "-0.2", "-0.2", "-0.8", "5.5", "5.9", "5.9", "-0.005331", "0.00637", "-0.07385", "-0.01508", "0.03434", "-0.0033", "-2.05", "-1.21", "-0.93", "-2.96", "-0.7", "-0.31"),c("-6.5", "114", "-0.288", "-0.78", "-0.22", "-0.03358", "-0.4001", "-5.75", "-0.23", "-6.29", "-0.19", "12746", "-0.67", "-0.11", "-4.89", "-5.33", "-0.27", "0.23", "-0.67", "-0.43", "-0.89", "-0.8", "-1.1", "-0.9", "-0.9", "-1.3", "-1", "-1.4", "5.6", "6", "6.1", "8e-06", "-0.08226", "-0.12269", "-0.04855", "-0.00626", "-0.01012", "-2.39", "-2.16", "-1.36", "-3.21", "-1.55", "-0.77"),c("-4.7", "58", "0.358", "-0.08", "0.09", "0.027", "0.0868", "-2.96", "0.08", "-3.32", "0.11", "6518", "-0.05", "0.07", "-3.39", "-2.43", "0.16", "-0.1", "-0.08", "0.32", "0.75", "0.1", "-0.1", "0.2", "0.2", "0.3", "0.3", "0.2", "5.8", "5.7", "5.5", "0.001362", "0.39761", "0.15123", "0.11169", "0.0616", "0.00972", "-0.97", "-1", "-0.04", "-1.53", "-0.28", "0.17"),c("-4.2", "106", "0.316", "-0.31", "0.18", "0.03116", "0.1766", "-2.79", "0.17", "-3.05", "0.27", "9059", "0.04", "0.16", "-3.35", "-2.95", "0.25", "-0.19", "0.25", "0.52", "0.14", "0.3", "0.4", "0.4", "0.4", "0.3", "0.4", "-0.2", "5.1", "5.4", "5.4", "-0.000443", "0.15369", "0.25468", "0.03754", "-0.00012", "0.00522", "-1.19", "-0.1", "0.1", "-1.83", "0.12", "0.2"),c("-4.4", "79", "0.251", "0.06", "0.25", "-0.00024", "0.0119", "-2.95", "0.24", "-3.46", "0.17", "9906", "-0.07", "0.11", "-3.58", "-2.87", "0.27", "-0.13", "0", "0.24", "0.29", "0.2", "-0.2", "-0.1", "-0.1", "0.3", "0.3", "-0.3", "5.6", "5.7", "5.8", "0.004075", "0.14755", "0.08308", "0.01024", "-0.01448", "0.00176", "-1.38", "-0.57", "-0.01", "-1.82", "-0.17", "-0.1"),c("-6.5", "62", "-0.034", "-0.6", "-0.07", "0.026", "-0.2898", "-5.05", "-0.08", "-5.18", "-0.03", "3723", "-0.51", "-0.01", "-4.63", "-4.7", "0.2", "0.4", "-0.62", "-0.41", "-0.18", "-0.8", "-1.1", "-0.9", "-1", "-1.1", "-0.9", "-1.1", "6.3", "6.3", "6.4", "-0.001516", "0.12174", "0.07499", "0.01594", "0.03785", "0.00082", "-1.82", "-1.34", "-1.11", "-2.4", "-1.16", "-0.57"),c("-5.9", "85", "0.075", "-0.7", "0.02", "-0.0303", "-0.2792", "-4.05", "0.01", "-4.62", "0.13", "7777", "-0.38", "0.08", "-4.04", "-4.54", "0.03", "0.27", "-0.27", "-0.5", "-0.3", "-0.3", "-0.8", "-0.7", "-0.7", "-1", "-0.7", "-1.1", "5.9", "6", "6.1", "-0.002175", "0.02059", "0.041", "0.03319", "0.03352", "0.00012", "-1.76", "-1.52", "-0.82", "-2.4", "-0.85", "-0.38"),c("-5.5", "152", "-0.641", "-1.15", "-0.29", "-0.07182", "-0.5193", "-4.94", "-0.3", "-5.52", "-0.29", "14091", "-0.65", "-0.19", "-4.64", "-4.86", "-0.49", "0", "-0.72", "-0.53", "-1.32", "-0.9", "-1.2", "-0.8", "-0.7", "-0.6", "-0.2", "-1", "5.5", "5.8", "5.8", "0.001445", "-0.29733", "-0.25929", "-0.10756", "-0.06684", "-0.0208", "-2.35", "-2.31", "-1.14", "-3.1", "-1.42", "-0.31")
