aa;ra;na;da;ca;qa;ea;ga;ha;ia;la;ka;ma;fa;pa;sa;ta;wa;ya;va;ar;rr;nr;dr;cr;qr;er;gr;hr;ir;lr;kr;mr;fr;pr;sr;tr;wr;yr;vr;an;rn;nn;dn;cn;qn;en;gn;hn;in;ln;kn;mn;fn;pn;sn;tn;wn;yn;vn;ad;rd;nd;dd;cd;qd;ed;gd;hd;id;ld;kd;md;fd;pd;sd;td;wd;yd;vd;ac;rc;nc;dc;cc;qc;ec;gc;hc;ic;lc;kc;mc;fc;pc;sc;tc;wc;yc;vc;aq;rq;nq;dq;cq;qq;eq;gq;hq;iq;lq;kq;mq;fq;pq;sq;tq;wq;yq;vq;ae;re;ne;de;ce;qe;ee;ge;he;ie;le;ke;me;fe;pe;se;te;we;ye;ve;ag;rg;ng;dg;cg;qg;eg;gg;hg;ig;lg;kg;mg;fg;pg;sg;tg;wg;yg;vg;ah;rh;nh;dh;ch;qh;eh;gh;hh;ih;lh;kh;mh;fh;ph;sh;th;wh;yh;vh;ai;ri;ni;di;ci;qi;ei;gi;hi;ii;li;ki;mi;fi;pi;si;ti;wi;yi;vi;al;rl;nl;dl;cl;ql;el;gl;hl;il;ll;kl;ml;fl;pl;sl;tl;wl;yl;vl;ak;rk;nk;dk;ck;qk;ek;gk;hk;ik;lk;kk;mk;fk;pk;sk;tk;wk;yk;vk;am;rm;nm;dm;cm;qm;em;gm;hm;im;lm;km;mm;fm;pm;sm;tm;wm;ym;vm;af;rf;nf;df;cf;qf;ef;gf;hf;if;lf;kf;mf;ff;pf;sf;tf;wf;yf;vf;ap;rp;np;dp;cp;qp;ep;gp;hp;ip;lp;kp;mp;fp;pp;sp;tp;wp;yp;vp;as;rs;ns;ds;cs;qs;es;gs;hs;is;ls;ks;ms;fs;ps;ss;ts;ws;ys;vs;at;rt;nt;dt;ct;qt;et;gt;ht;it;lt;kt;mt;ft;pt;st;tt;wt;yt;vt;aw;rw;nw;dw;cw;qw;ew;gw;hw;iw;lw;kw;mw;fw;pw;sw;tw;ww;yw;vw;ay;ry;ny;dy;cy;qy;ey;gy;hy;iy;ly;ky;my;fy;py;sy;ty;wy;yy;vy;av;rv;nv;dv;cv;qv;ev;gv;hv;iv;lv;kv;mv;fv;pv;sv;tv;wv;yv;vv
3;-3;0;0;-3;-1;0;1;-3;-1;-3;-2;-2;-4;1;1;1;-7;-4;0;-3;6;-1;-3;-4;1;-3;-4;1;-2;-4;2;-1;-4;-1;-1;-2;1;-6;-3;0;-1;4;2;-5;0;1;0;2;-2;-4;1;-3;-4;-2;1;0;-5;-2;-3;0;-3;2;5;-7;1;3;0;0;-3;-5;-1;-4;-7;-2;0;-1;-8;-5;-3;-3;-4;-5;-7;9;-7;-7;-5;-4;-3;-7;-7;-6;-6;-3;-1;-3;-8;-1;-2;-1;1;0;1;-7;6;2;-3;3;-3;-2;0;-1;-6;0;-2;-2;-6;-5;-3;0;-3;1;3;-7;2;5;-1;-1;-3;-4;-1;-4;-6;-1;-1;-2;-8;-4;-3;1;-4;0;0;-5;-3;-1;5;-4;-4;-5;-3;-4;-5;-2;1;-1;-8;-6;-2;-3;1;2;0;-4;3;-1;-4;7;-4;-3;-2;-4;-2;-1;-2;-3;-5;-1;-3;-1;-2;-2;-3;-3;-3;-3;-4;-4;6;1;-2;1;0;-3;-2;0;-7;-2;3;-3;-4;-4;-5;-7;-2;-4;-5;-3;1;5;-4;3;0;-3;-4;-3;-5;-3;1;-2;2;1;-1;-7;0;-1;-3;-2;-2;-4;5;0;-6;-2;-1;-1;-5;-6;-4;-2;-1;-3;-4;-6;-1;-4;-4;-4;1;3;0;8;-1;-3;-2;-1;-7;-4;1;-4;-4;-4;-7;-6;-6;-6;-5;-2;0;0;-6;-1;8;-5;-3;-4;-1;4;-3;1;-1;-2;-2;-3;0;-1;-2;-1;-3;-3;-2;-3;-5;6;1;-1;-7;-6;-2;1;-1;1;0;-1;-2;-1;1;-2;-2;-4;-1;-2;-3;1;3;2;-2;-3;-2;1;-2;0;-1;-3;-2;-2;-1;-3;0;-3;-1;-1;-4;-1;2;4;-6;-3;0;-7;1;-5;-8;-8;-6;-8;-8;-5;-7;-5;-5;-7;-1;-7;-2;-6;12;-1;-8;-4;-6;-2;-5;-1;-5;-4;-6;-1;-2;-3;-6;-4;4;-6;-3;-3;-1;8;-3;0;-3;-3;-3;-2;-3;-3;-2;-3;3;1;-4;1;-3;-2;-2;0;-8;-3;5
2.5;-1.7;0;-0.6;-1.7;-1.7;-0.7;0.8;-2.1;0.1;-1.3;-1.9;-0.2;-3.2;1.1;1.4;1.7;-4.3;-4;0.7;-1.7;5.1;-0.1;-1.5;-0.4;2.5;-0.4;-0.1;1.8;-3.8;-3.2;4.3;-3;-4.9;-1.3;-0.9;-1.3;2;-2.6;-3.7;0;-0.1;3.6;2.5;-1.6;0.1;1.1;-0.1;1.4;-2.5;-3.4;1;-2.5;-3.5;-1.1;1.2;0.5;-4.4;-0.9;-2.4;-0.6;-1.5;2.5;5.2;-3.7;0.6;4.4;0.8;0.1;-4.2;-5.3;-0.2;-4.3;-5.7;-2.8;-0.4;-1.2;-6.3;-2.3;-3.3;-1.7;-0.4;-1.6;-3.7;12.1;-3.2;-4.7;-1.3;-1.2;-3.6;-3.8;-2.8;-3.7;-0.1;-2.7;0.9;-1.5;1.6;2.6;-3.1;-1.7;2.5;0.1;0.6;-3.2;5.3;2.1;-1.6;3.2;-3.8;-2.4;2.5;-3.1;-4.4;0.1;-1.4;-1.7;-2.6;-1.4;-3.5;-0.7;-0.4;1.1;4.4;-4.7;2.1;5.2;0.5;-0.2;-4.1;-5;0.9;-4.1;-6.7;-2.6;-1.2;-1.6;-5.6;-4.1;-3;0.8;-0.1;-0.1;0.8;-1.3;-1.6;0.5;5.8;-2.1;-3.4;-4.6;-1.4;-3.7;-5.7;-1.7;0.8;-0.5;-1.7;-4.9;-2.3;-2.1;1.8;1.4;0.1;-1.2;3.2;-0.2;-2.1;6.1;-3.7;-2.2;0.9;-3.4;0.1;-0.4;-0.9;-1.7;-2.8;4.4;-3.8;0.1;-3.8;-2.5;-4.2;-3.6;-3.8;-4.1;-3.4;-3.7;4.4;2.4;-3.8;4;0;-2;-1.2;0.7;-5;-3.3;3.9;-1.3;-3.2;-3.4;-5.3;-3.8;-2.4;-5;-4.6;-2.2;2.4;4.8;-4.1;2.9;2.4;-0.2;-1.5;-0.4;-3;-1.6;1.9;-1.9;4.3;1;-0.2;-2.8;2.5;0.9;-1.4;0.9;-3.8;-4.1;5.6;-2.9;-6.3;-2.3;-1.2;-1.1;-1.4;-4;-3.8;-0.2;-3;-2.5;-4.3;-3.7;-3.1;-4.1;-3.7;-3.4;4;2.9;-2.9;4.8;-0.1;-1.8;-1.3;0.6;-4.4;-3.6;3.3;-3.2;-4.9;-3.5;-5.7;-0.1;-4.4;-6.7;-5.7;0.1;0;2.4;-6.3;-0.1;8.3;-3.2;-1.8;-2.4;-1.6;5.6;-0.5;1.1;-1.3;-1.1;-2.8;-2.7;0.1;-2.6;-1.7;-0.4;-2;-0.2;-2.3;-1.8;-3.2;6.5;1.4;0.6;-4.8;-3.8;-1.6;1.4;-0.9;1.2;-0.4;0.9;-1.4;-1.2;0.8;-0.9;-1.2;-1.5;-1.2;-1.3;-1.8;1.4;2.1;1.5;-2.9;-1.8;-0.9;1.7;-1.3;0.5;-1.2;-1.5;-1.7;-1.6;-0.5;-1.7;0.7;-0.4;-1.1;0.6;-2.4;0.6;1.5;2.4;-2.6;-3.4;0.6;-4.3;2;-4.4;-6.3;1.6;-2.6;-5.6;-1.7;-2.8;-5;-3;-1.4;-4.4;-1.6;-4.8;-2.9;-2.6;14.7;-0.3;-4.8;-4;-2.6;-0.9;-2.3;2.6;-1.4;-4.1;-4.9;4.4;-3.3;-1.6;-4;-3.6;5.6;-3.8;-1.8;-3.4;-0.3;9.5;-3.8;0.7;-3.7;-2.4;-3.3;-3.1;-3.5;-3;-2.3;-3.8;3.9;1.9;-3.8;3.3;-0.5;-1.6;-0.9;0.6;-4.8;-3.8;4
2.5;-1.2;0;-0.2;-1.2;-0.9;-0.3;0.8;-1.6;-0.4;-1.7;-1;-0.8;-3.1;0.8;1.3;1.4;-5.5;-3.5;0.4;-1.2;5;0.4;-1;-1.6;2.2;-0.1;-0.7;1.5;-3.2;-2.9;3.9;-2.1;-4.3;-1.2;-0.5;-0.7;-1.1;-2.7;-2.9;0;0.4;3.3;2.4;-1.9;0.5;1.2;0.4;1.4;-2.7;-3.5;1;-2.6;-3.5;-1.1;1.1;0.5;-5.2;-1.2;-2.3;-0.2;-1;2.4;4.8;-3.7;0.6;3.9;0.7;0.3;-4;-4.9;0.2;-3.9;-5.4;-1.8;0.1;-0.7;-6.4;-3;-3;-1.2;-1.6;-1.9;-3.7;12.6;-3.3;-4.3;-1.7;-1.5;-2.4;-2.6;-3.3;-2.5;-0.1;-3.1;0.3;-1.1;0.5;0.6;-1.7;-0.9;2.2;0.5;0.6;-3.3;4.2;1.7;-1.4;2.4;-2.7;-2;2.2;-1.7;-3.6;-0.1;-0.6;-0.7;-3.3;-1.9;-2.4;-0.3;-0.1;1.2;3.9;-4.3;1.7;4.6;0.5;-0.2;-3.6;-4.4;1;-3.4;-5.7;-1.7;-0.5;-0.9;-6.3;-4;-2.7;0.8;-0.7;0.4;0.7;-1.7;-1.4;0.5;6.2;-2;-3.8;-4.9;-1;-3.8;-5.8;-1.8;0.6;-0.7;-4.5;-4.8;-2.5;-1.6;1.5;1.4;0.3;-1.5;2.4;-0.2;-2;6.1;-3.2;-2.1;0.8;-2.4;0.3;-0.4;-0.5;-1.1;-2.7;3.7;-3;-0.4;-3.2;-2.7;-4;-2.4;-2.7;-3.6;-3.8;-3.2;4.2;2.7;-3;3.1;0.5;-2.3;-1.4;0.3;-4.4;-2.2;3.6;-1.7;-2.9;-3.5;-4.9;-2.6;-2;-4.4;-4.9;-2.1;2.7;4.6;-3.3;3.2;2.2;-1.3;-2.1;-1;-1.8;-0.7;2;-1;3.9;1;0.2;-3.3;2.2;1;-1;0.8;-3;-3.3;4.4;-2;-5.1;-1.6;-0.4;-0.4;-3.7;-3.6;-2.7;-0.8;-2.1;-2.6;-3.9;-2.5;-1.7;-3.4;-3.8;-2.4;3.1;3.2;-2;4.9;0.7;-2;-1.5;0.1;-2.8;-1.8;2.5;-3.1;-4.3;-3.5;-5.4;-0.1;-3.6;-5.7;-5.8;0.3;0.5;2.2;-5.1;0.7;7.7;-3.4;-2.2;-2.6;0.5;5.9;-0.1;0.8;-1.2;-1.1;-1.8;-3.1;-0.1;-1.7;-1.8;-0.4;-2.3;-1.3;-1.6;-2;-3.4;7;1.1;0.4;-5.8;-3.5;-1.7;1.3;-0.5;1.1;0.1;0.3;-0.6;-0.5;0.6;-0.5;-1.4;-2.1;-0.4;-1.5;-2.2;1.1;2;1.5;-3.9;-1.9;-0.9;1.4;-0.7;0.5;-0.7;-1.1;-0.7;-0.9;-0.7;-1.1;0.3;-1;-0.4;0.1;-2.6;0.4;1.5;2.5;-4.5;-3;0.4;-5.5;-1.1;-5.2;-6.4;0.5;-3.3;-6.3;-4.5;-2.7;-4.4;-1.8;-3.7;-2.8;0.5;-5.8;-3.9;-4.5;15.7;1.5;-4.5;-3.5;-2.7;-1.2;-3;0.6;-1.9;-4;-4.8;3.7;-2.2;-0.7;-3.6;-1.8;5.9;-3.5;-1.9;-3;1.5;9;-2.6;0.4;-2.9;-2.3;-3;-1.7;-2.4;-2.7;-2.5;-3;3.6;2;-2.7;2.5;-0.1;-1.7;-0.9;0.4;-4.5;-2.6;3.7
2.4;-0.8;-0.2;-0.3;0.3;-0.3;-0.1;0.6;-1;-0.8;-1.4;-0.4;-0.8;-2.6;0.4;1.1;0.7;-4.1;-2.6;0.1;-0.8;4.8;0.3;-0.5;-2.2;1.6;0.3;-1;1;-2.6;-2.4;2.9;-1.8;-3.5;-1;-0.2;-0.3;-1.6;-2;-2.2;-0.2;0.3;3.6;2.2;-1.8;0.7;1;0.4;1.2;-2.8;-3.1;0.9;-2.2;-3.2;-1;0.9;0.4;-4;-1.4;-2.2;-0.3;-0.5;2.2;4.8;-3.2;0.8;2.9;0.2;0.4;-3.9;-4.2;0.4;-3.2;-4.7;-1;0.4;-0.2;-5.5;-2.8;-2.9;0.3;-2.2;-1.8;-3.2;11.8;-2.6;-3.2;-2;-1.3;-1.2;-1.6;-2.9;-1.2;-0.7;-3.1;0.1;-0.6;-0.9;-0.4;-0.2;-0.3;1.6;0.7;0.8;-2.6;3;1.7;-1.1;1.4;-2;-1.7;1.7;-1;-2.8;-0.2;0.1;-0.1;-2.8;-1.8;-1.7;-0.1;0.3;1;2.9;-3.2;1.7;3.7;-0.5;0.2;-2.9;-3.1;1.2;-2.2;-4.3;-0.7;0.1;-0.2;-4.7;-3;-2.1;0.6;-1;0.4;0.2;-2;-1.1;-0.5;6.6;-1.6;-4.3;-4.6;-1.1;-3.5;-5.4;-1.7;0.4;-1;-4.1;-4.3;-3.1;-1;1;1.2;0.4;-1.3;1.4;0.2;-1.6;6.1;-2.3;-1.9;0.6;-1.5;0;-1;-0.3;-0.5;-1;2.5;-2.1;-0.8;-2.6;-2.8;-3.9;-1.2;-2;-2.9;-4.3;-2.3;4;2.8;-2.3;2.6;0.9;-2.6;-1.8;-0.3;-2.3;-1;3.2;-1.4;-2.4;-3.1;-4.2;-1.6;-1.7;-3.1;-4.6;-1.9;2.8;4.2;-2.4;2.9;2.1;-2.2;-2.2;-1.1;-0.9;-0.1;1.9;-0.4;2.9;0.9;0.4;-2.9;1.7;1.2;-1.1;0.6;-2.3;-2.4;3.4;-1.5;-3.6;-0.8;0;0.1;-3.6;-2.4;-1.9;-0.8;-1.8;-2.2;-3.2;-1.2;-1;-2.2;-3.5;-1.5;2.6;2.9;-1.5;4.5;1.3;-2.4;-1.4;-0.4;-1.3;-0.5;1.8;-2.6;-3.5;-3.2;-4.7;-0.7;-2.8;-4.3;-5.4;0;0.9;2.1;-3.6;1.3;7.2;-3.8;-2.6;-2.2;3;5.3;0.1;0.4;-1;-1;-1;-3.1;-0.2;-0.7;-1.7;-1;-2.6;-2.2;-0.8;-2.4;-3.8;7.5;0.5;0.1;-5.2;-3.4;-1.9;1.1;-0.2;0.9;0.4;0.1;0.1;0.1;0.4;-0.3;-1.8;-2.2;0;-1.4;-2.6;0.5;2.1;1.4;-3.4;-1.9;-1;0.7;-0.3;0.4;-0.2;-0.6;-0.1;-0.2;-1;-0.5;-0.3;-1.1;0.1;-0.4;-2.2;0.1;1.4;2.5;-3.7;-2.1;0.2;-4.1;-1.6;-4;-5.5;-0.9;-2.8;-4.7;-4.1;-1;-2.3;-0.9;-3.6;-1.3;3;-5.2;-3.4;-3.7;14.7;3.6;-2.9;-2.6;-2;-1.4;-2.8;-0.4;-1.8;-3;-4.3;2.5;-1;-0.1;-2.4;-0.5;5.3;-3.4;-1.9;-2.1;3.6;8.1;-1.4;0.1;-2.2;-2.2;-2.9;-0.2;-1.7;-2.1;-3.1;-2.1;3.2;1.9;-1.9;1.8;0.1;-1.9;-1;0.2;-2.9;-1.4;3.4
4;-1.6;-1.7;1;-1.9;-2.1;1.3;1.2;-2.1;-1.8;-2.3;-1.9;-2;-2.4;0.8;0.1;0.9;-2.2;-2.4;1;-1.6;2.9;-1.5;-2.3;0.7;0.3;-2;0.8;3.6;-1.2;-0.4;-0.2;-0.4;-1.5;0.3;0.3;-0.6;1.8;-1.9;-2.1;-1.7;-1.5;4.7;1.7;-1.5;0.4;0.3;-2.6;1.8;0.9;-2.2;3.5;0.1;-1.3;-1.6;-0.3;0.9;-3;2.5;-2.2;1;-2.3;1.7;4.8;-1.6;0.3;3.8;1.1;1.7;-2.1;-2.4;0.3;-2.5;-1.7;-2.2;-2.1;-2.1;-2.9;2.3;1;-1.9;0.7;-1.5;-1.6;5.5;-3.1;-3;1;-1.6;-1.9;-1.3;-3.2;-2.7;1.8;-1.9;1.5;-1.9;4.1;2.6;-2.2;-2.1;0.3;0.4;0.3;-3.1;5.5;2;-2.1;3.6;-1.9;0.1;2.2;-1.2;-2.1;1;-2.3;-1.7;-2.3;-0.8;-2;1.3;-2;0.3;3.8;-3;2;5.7;1.4;0.3;-2.3;-2.5;2;-1.8;-2.9;-2.1;-2.8;-2.1;-3.2;-0.9;1.3;1.2;0.8;-2.6;1.1;1;-2.1;1.4;4.2;-2.2;-2.5;-2.2;-2.2;-2.3;-1.9;-1.8;-0.6;-2.1;1.4;-1.8;1.1;-2.1;3.6;1.8;1.7;-1.6;3.6;0.3;-2.2;4.7;-1.8;-0.1;0.6;-1.8;-1.1;0.7;-1.6;-1.8;-2.1;2.3;-2.1;-1.8;-1.2;0.9;-2.1;-1.9;-1.9;-2.3;-2.5;-1.8;4.1;1.2;0.7;3.3;1.3;-1.6;-0.5;0.8;-2.2;-1.6;1;-2.3;-0.4;-2.2;-2.4;-1.3;0.1;-2.5;-2.2;-0.1;1.2;3.4;-2;1.5;2.2;0;-1.2;-1.9;-0.3;-1.6;1.1;-1.9;-0.2;3.5;0.3;-3.2;2.2;2;-2.2;0.6;0.7;-2;5.6;1.6;-2.8;-1.5;-1.5;1;-3;-0.8;-2.1;-2;-0.4;0.1;-2.5;-2.7;-1.2;-1.8;-2.3;-1.8;3.3;1.5;1.6;5.4;0.5;-1.4;-1.3;0.7;-2;-2.9;1;-2.4;-1.5;-1.3;-1.7;1.8;-2.1;-2.9;-1.9;-1.1;1.3;2.2;-2.8;0.5;4.5;-1.8;0;-2.1;0;2;1;0.8;0.3;-1.6;-2.2;-1.9;1;-2.1;-1.8;0.7;-1.6;0;-1.5;-1.4;-1.8;3.8;0.4;1.1;-1.6;-2.3;-2.1;0.1;0.3;-0.3;-2.1;1.5;-2.3;-2.8;-0.6;-1.6;-0.5;-1.2;-1.5;-1.3;0;0.4;2.6;1;0.8;0.3;-2.2;0.9;-0.6;0.9;-2.1;-1.9;-1.7;-2.1;-2.1;-1.8;0.8;-1.9;1;0.7;-2.1;1.1;1;4;-2.2;-2.1;-2.2;-2.2;1.8;-3;-2.9;4.1;-2.3;-3.2;1.4;-2.1;-2.2;-0.3;-3;-2;0;-1.6;0.8;-2.2;7.5;-0.5;-2.1;-2.4;-1.9;2.5;2.3;2.6;-0.8;-0.9;-1.8;2.3;-1.6;-1.6;-0.8;-2.9;2;-2.3;0.3;-2.1;-0.5;6.5;-2.2;1;-2.1;-2.2;1;-2.2;-2;1.3;1.1;-2.1;1;1.1;-2.1;1;1;-2.1;-2.2;-2.2;-2.1;-2.2;4.1
1;-0.07;-0.14;-0.08;0.04;-0.01;0.08;0.11;-0.11;-0.1;0.2;-0.07;0.15;-0.25;-0.07;0.14;0.11;-0.25;-0.36;0.06;-0.07;1;0.12;-0.01;-0.2;0.57;0.34;-0.11;0.13;-0.29;-0.2;0.47;-0.17;-0.31;-0.17;-0.16;-0.32;-0.03;-0.03;-0.29;-0.14;0.12;1;0.56;-0.14;0.2;0.13;0.22;0.32;-0.37;-0.39;0.22;-0.11;-0.33;0.05;0.14;0.13;-0.39;-0.27;-0.46;-0.08;-0.01;0.56;1;-0.24;0.19;0.37;0.11;0.22;-0.54;-0.55;0.18;-0.25;-0.4;0.09;0.22;0.23;-0.41;-0.34;-0.48;0.04;-0.2;-0.14;-0.24;1;-0.29;-0.51;0.25;0.18;0.26;0.23;-0.43;0.1;0.3;0.02;0.1;0.14;0.18;0.21;0.33;-0.01;0.57;0.2;0.19;-0.29;1;0.51;-0.13;0.05;-0.43;-0.3;0.52;-0.18;-0.44;-0.03;-0.06;-0.15;-0.17;-0.28;-0.38;0.08;0.34;0.13;0.37;-0.51;0.51;1;-0.23;-0.19;-0.51;-0.45;0.54;-0.14;-0.5;-0.11;-0.17;-0.27;-0.22;-0.32;-0.44;0.11;-0.11;0.22;0.11;0.25;-0.13;-0.23;1;0.18;-0.22;-0.14;-0.23;-0.01;-0.09;0.25;0.29;-0.02;-0.08;-0.24;-0.12;-0.11;0.13;0.32;0.22;0.18;0.05;-0.19;0.18;1;-0.14;-0.12;-0.09;-0.19;-0.06;0.05;0.14;0.08;-0.11;0.08;-0.18;-0.1;-0.29;-0.37;-0.54;0.26;-0.43;-0.51;-0.22;-0.14;1;0.6;-0.4;0.36;0.6;-0.19;-0.27;0;0.36;0.43;0.7;0.2;-0.2;-0.39;-0.55;0.23;-0.3;-0.45;-0.14;-0.12;0.6;1;-0.34;0.38;0.44;-0.2;-0.19;-0.04;0.22;0.17;0.49;-0.07;0.47;0.22;0.18;-0.43;0.52;0.54;-0.23;-0.09;-0.4;-0.34;1;-0.16;-0.41;-0.17;-0.24;-0.24;-0.22;-0.2;-0.36;0.15;-0.17;-0.11;-0.25;0.1;-0.18;-0.14;-0.01;-0.19;0.36;0.38;-0.16;1;0.22;-0.17;-0.17;-0.02;0.16;0.07;0.23;-0.25;-0.31;-0.33;-0.4;0.3;-0.44;-0.5;-0.09;-0.06;0.6;0.44;-0.41;0.22;1;-0.12;-0.01;0.02;0.41;0.54;0.47;-0.07;-0.17;0.05;0.09;0.02;-0.03;-0.11;0.25;0.05;-0.19;-0.2;-0.17;-0.17;-0.12;1;0.27;0.2;-0.13;-0.23;-0.17;0.14;-0.16;0.14;0.22;0.1;-0.06;-0.17;0.29;0.14;-0.27;-0.19;-0.24;-0.17;-0.01;0.27;1;0.45;-0.17;-0.21;-0.18;0.11;-0.32;0.13;0.23;0.14;-0.15;-0.27;-0.02;0.08;0;-0.04;-0.24;-0.02;0.02;0.2;0.45;1;-0.12;-0.14;0.07;-0.25;-0.03;-0.39;-0.41;0.18;-0.17;-0.22;-0.08;-0.11;0.36;0.22;-0.22;0.16;0.41;-0.13;-0.17;-0.12;1;0.43;0.29;-0.36;-0.03;-0.27;-0.34;0.21;-0.28;-0.32;-0.24;0.08;0.43;0.17;-0.2;0.07;0.54;-0.23;-0.21;-0.14;0.43;1;0.31;0.06;-0.29;-0.46;-0.48;0.33;-0.38;-0.44;-0.12;-0.18;0.7;0.49;-0.36;0.23;0.47;-0.17;-0.18;0.07;0.29;0.31;1
2;-2;0;0;-2;0;0;1;-1;-1;-2;-1;-1;-4;1;1;1;-6;-3;0;-2;6;0;-1;-4;1;-1;-3;2;-2;-3;3;0;-4;0;0;-1;2;-4;-2;0;0;2;2;-4;1;1;0;2;-2;-3;1;-2;-4;-1;1;0;-4;-2;-2;0;-1;2;4;-5;2;3;1;1;-2;-4;0;-3;-6;-1;0;0;-7;-4;-2;-2;-4;-4;-5;12;-5;-5;-3;-3;-2;-6;-5;-5;-4;-3;0;-2;-8;0;-2;0;1;1;2;-5;4;2;-1;3;-2;-2;1;-1;-5;0;-1;-1;-5;-4;-2;0;-1;1;3;-5;2;4;0;1;-2;-3;0;-2;-5;-1;0;0;-7;-4;-2;1;-3;0;1;-3;-1;0;5;-2;-3;-4;-2;-3;-5;-1;1;0;-7;-5;-1;-1;2;2;1;-3;3;1;-2;6;-2;-2;0;-2;-2;0;-1;-1;-3;0;-2;-1;-2;-2;-2;-2;-2;-2;-3;-2;5;2;-2;2;1;-2;-1;0;-5;-1;4;-2;-3;-3;-4;-6;-2;-3;-4;-2;2;6;-3;4;2;-3;-3;-2;-2;-1;2;-1;3;1;0;-5;1;0;-2;0;-2;-3;5;0;-5;-1;0;0;-3;-4;-2;-1;0;-2;-3;-5;-1;-2;-3;-2;2;4;0;6;0;-2;-2;-1;-4;-2;2;-4;-4;-4;-6;-4;-5;-5;-5;-2;1;2;-5;0;9;-5;-3;-3;0;7;-1;1;0;-1;-1;-3;0;-1;-1;0;-2;-3;-1;-2;-5;6;1;0;-6;-5;-1;1;0;1;0;0;-1;0;1;-1;-1;-3;0;-2;-3;1;2;1;-2;-3;-1;1;-1;0;0;-2;-1;0;0;-1;0;-2;0;-1;-3;0;1;3;-5;-3;0;-6;2;-4;-7;-8;-5;-7;-7;-3;-5;-2;-3;-4;0;-6;-2;-5;17;0;-6;-3;-4;-2;-4;0;-4;-4;-5;0;-1;-1;-4;-2;7;-5;-3;-3;0;10;-2;0;-2;-2;-2;-2;-2;-2;-1;-2;4;2;-2;2;-1;-1;-1;0;-6;-2;4
6;2;3;4;2;3;4;5;2;2;2;3;2;2;5;5;5;2;2;5;2;6;2;2;2;3;2;3;4;2;2;5;2;1;3;3;3;2;1;2;3;2;6;5;2;3;3;3;4;2;1;4;1;1;2;5;4;0;3;2;4;2;5;6;1;4;5;4;3;1;1;3;0;1;2;3;2;0;2;3;2;2;2;1;6;1;0;3;2;2;2;0;2;3;2;4;2;3;3;2;3;3;3;4;1;6;4;2;4;1;2;4;2;1;3;3;3;1;2;2;4;2;3;5;0;4;6;4;2;1;1;4;1;0;3;3;3;1;1;4;5;3;3;4;3;2;4;6;1;2;2;2;1;1;3;5;2;3;2;4;2;4;4;3;2;4;2;1;6;1;3;3;1;2;3;3;2;1;3;1;2;2;2;1;2;1;1;2;1;6;5;2;4;4;2;2;3;2;3;5;2;2;1;1;2;2;1;2;3;5;6;2;5;4;3;2;2;4;3;5;3;5;4;3;0;4;4;2;3;2;2;6;2;0;2;3;4;1;1;3;2;2;1;0;2;2;1;1;1;4;5;2;6;2;2;1;3;3;2;4;2;1;1;1;3;1;0;1;2;4;4;0;2;6;2;3;1;3;5;4;5;3;2;2;2;3;3;3;3;2;3;2;2;2;6;4;4;2;2;3;5;3;5;3;4;3;3;5;3;2;2;3;1;3;4;6;5;2;3;2;5;3;4;2;2;3;3;2;2;3;2;4;3;1;4;5;6;1;2;3;2;2;0;0;3;1;1;3;1;2;4;1;3;3;2;2;1;6;3;3;2;1;3;2;3;2;1;2;3;3;3;1;2;5;2;3;2;3;6;3;5;2;2;3;2;2;4;4;1;5;5;3;4;4;3;2;3;3;3;6
0;2;2;1;2;2;1;1;2;2;2;2;2;2;1;1;1;2;2;1;2;0;2;2;1;1;2;1;1;2;1;1;1;2;1;1;1;1;2;2;2;2;0;1;2;2;2;2;1;1;2;1;2;2;2;1;1;3;1;2;1;2;1;0;2;2;1;1;1;2;2;2;3;2;2;2;2;3;1;1;2;1;2;2;0;2;3;1;2;2;2;3;3;1;2;1;2;1;1;1;2;1;2;2;2;0;1;2;1;3;1;1;2;2;1;1;2;1;1;2;1;2;2;1;3;1;0;1;2;3;2;1;2;3;2;2;2;2;2;1;1;1;2;1;1;2;1;0;2;2;1;2;2;2;2;1;2;1;2;1;2;1;1;1;2;1;2;2;0;2;1;2;3;2;1;2;2;3;1;2;2;2;1;2;2;3;3;2;2;0;1;2;1;1;2;1;1;3;2;1;2;1;2;2;2;1;2;1;1;1;0;2;1;1;1;1;2;1;2;1;2;1;1;2;3;1;1;2;2;2;2;0;1;3;2;2;1;2;2;2;2;1;2;3;3;2;2;2;3;1;1;1;0;2;2;2;1;2;3;1;2;2;2;2;1;2;3;2;2;1;1;3;2;0;2;1;2;2;1;1;1;1;2;2;2;1;2;2;1;2;1;2;2;2;0;1;1;2;2;2;1;1;1;2;1;1;2;1;2;1;1;2;2;1;1;0;1;1;1;2;1;1;1;2;2;2;2;2;2;1;2;1;1;2;1;1;0;2;2;2;2;1;3;3;1;1;2;1;3;3;1;2;2;2;2;1;2;0;2;2;2;2;1;1;1;1;2;2;1;2;2;2;3;1;2;1;2;2;0;2;1;2;2;1;1;2;1;1;2;1;1;2;1;1;2;2;2;2;2;0
10;5;9;5;9;9;5;9;10;8;8;5;9;7;9;9;10;5;7;8;5;10;6;9;4;6;9;5;5;3;3;10;3;1;3;6;5;0;2;3;9;6;10;6;8;10;6;10;9;7;7;6;8;6;8;10;9;4;6;7;5;9;6;10;5;6;10;6;5;3;3;9;4;2;4;7;5;1;3;4;9;4;8;5;10;8;5;8;9;9;9;4;10;8;9;8;9;6;8;9;9;6;10;6;8;10;6;10;9;7;7;6;8;6;8;10;9;4;6;7;5;9;6;10;5;6;10;6;5;3;3;9;4;2;4;7;5;1;3;4;9;5;10;6;8;10;6;10;9;7;7;5;8;6;8;10;9;5;6;8;10;5;9;5;9;9;5;9;10;8;8;5;9;7;9;9;10;5;7;8;8;3;7;3;9;7;3;7;8;10;10;3;9;9;9;7;8;8;9;10;8;3;7;3;9;7;3;7;8;10;10;3;9;9;9;7;8;8;9;10;5;10;6;9;4;6;9;5;5;3;3;10;3;1;3;6;5;0;2;3;9;3;8;4;10;8;4;8;9;9;9;3;10;8;10;8;9;7;8;10;7;1;6;2;8;6;2;6;7;9;9;1;8;10;8;6;7;9;10;8;9;3;8;4;9;8;4;8;9;9;9;3;10;8;10;7;8;7;9;10;9;6;10;7;8;10;7;10;9;7;7;6;8;6;7;10;9;4;6;7;10;5;9;5;9;9;5;9;10;8;8;5;9;7;8;9;10;5;7;8;5;0;4;1;6;4;1;5;5;8;8;0;7;9;7;4;5;10;8;7;7;2;6;3;8;6;3;6;7;9;9;2;8;10;9;6;7;8;10;9;8;3;7;4;9;7;4;8;8;10;10;3;10;8;10;7;8;7;9;10
2.4;-0.6;-0.3;-0.3;0.5;-0.2;0;0.5;-0.8;-0.8;-1.2;-0.4;-0.7;-2.3;0.3;1.1;0.6;-3.6;-2.2;0.1;-0.6;4.7;0.3;-0.3;-2.2;1.5;0.4;-1;0.6;-2.4;-2.2;2.7;-1.7;-3.2;-0.9;-0.2;-0.2;-1.6;-1.8;-2;-0.3;0.3;3.8;2.2;-1.8;0.7;0.9;0.4;1.2;-2.8;-3;0.8;-2.2;-3.1;-0.9;0.9;0.5;-3.6;-1.4;-2.2;-0.3;-0.3;2.2;4.7;-3.2;0.9;2.7;0.1;0.4;-3.8;-4;0.5;-3;-4.5;-0.7;0.5;0;-5.2;-2.8;-2.9;0.5;-2.2;-1.8;-3.2;11.5;-2.4;-3;-2;-1.3;-1.1;-1.5;-2.8;-0.9;-0.8;-3.1;0.1;-0.5;-1;-0.5;0;-0.2;1.5;0.7;0.9;-2.4;2.7;1.7;-1;1.2;-1.9;-1.6;1.5;-1;-2.6;-0.2;0.2;0;-2.7;-1.7;-1.5;0;0.4;0.9;2.7;-3;1.7;3.6;-0.8;0.4;-2.7;-2.8;1.2;-2;-3.9;-0.5;0.2;-0.1;-4.3;-2.7;-1.9;0.5;-1;0.4;0.1;-2;-1;-0.8;6.6;-1.4;-4.5;-4.4;-1.1;-3.5;-5.2;-1.6;0.4;-1.1;-4;-4;-3.3;-0.8;0.6;1.2;0.4;-1.3;1.2;0.4;-1.4;6;-2.2;-1.9;0.6;-1.3;-0.1;-1.1;-0.2;-0.3;-0.8;2.2;-2;-0.8;-2.4;-2.8;-3.8;-1.1;-1.9;-2.7;-4.5;-2.2;4;2.8;-2.1;2.5;1;-2.6;-1.8;-0.6;-1.8;-0.7;3.1;-1.2;-2.2;-3;-4;-1.5;-1.6;-2.8;-4.4;-1.9;2.8;4;-2.1;2.8;2;-2.3;-2.1;-1.3;-0.7;0;1.8;-0.4;2.7;0.8;0.5;-2.8;1.5;1.2;-1.1;0.6;-2.1;-2.1;3.2;-1.4;-3.3;-0.6;0.1;0.1;-3.5;-2.1;-1.7;-0.7;-1.7;-2.2;-3;-0.9;-1;-2;-3.5;-1.3;2.5;2.8;-1.4;4.3;1.6;-2.4;-1.4;-0.6;-1;-0.2;1.6;-2.3;-3.2;-3.1;-4.5;-0.8;-2.6;-3.9;-5.2;-0.1;1;2;-3.3;1.6;7;-3.8;-2.8;-2.2;3.6;5.1;0.1;0.3;-0.9;-0.9;-0.7;-3.1;-0.2;-0.5;-1.6;-1.1;-2.6;-2.3;-0.6;-2.4;-3.8;7.6;0.4;0.1;-5;-3.1;-1.8;1.1;-0.2;0.9;0.5;0.1;0.2;0.2;0.4;-0.2;-1.8;-2.1;0.1;-1.4;-2.8;0.4;2.2;1.5;-3.3;-1.9;-1;0.6;-0.2;0.5;0;-0.5;0;-0.1;-1.1;-0.3;-0.6;-1.3;0.1;-0.6;-2.2;0.1;1.5;2.5;-3.5;-1.9;0;-3.6;-1.6;-3.6;-5.2;-1;-2.7;-4.3;-4;-0.8;-1.8;-0.7;-3.5;-1;3.6;-5;-3.3;-3.5;14.2;4.1;-2.6;-2.2;-1.8;-1.4;-2.8;-0.5;-1.7;-2.7;-4;2.2;-0.7;0;-2.1;-0.2;5.1;-3.1;-1.9;-1.9;4.1;7.8;-1.1;0.1;-2;-2.2;-2.9;0;-1.5;-1.9;-3.3;-2;3.1;1.8;-1.7;1.6;0.1;-1.8;-1;0;-2.6;-1.1;3.4
0;112;111;126;195;91;107;60;86;94;96;106;84;113;27;99;58;148;112;64;112;0;86;96;180;43;54;125;29;97;102;26;91;97;103;110;71;101;77;96;111;86;0;23;139;46;42;80;68;149;153;94;142;158;91;46;65;174;143;133;126;96;23;0;154;61;45;94;81;168;172;101;160;177;108;65;85;181;160;152;195;180;139;154;0;154;170;159;174;198;198;202;196;205;169;112;149;215;194;192;91;43;46;61;154;0;29;87;24;109;113;53;101;116;76;68;42;130;99;96;107;54;42;45;170;29;0;98;40;134;138;56;126;140;93;80;65;152;122;121;60;125;80;94;159;87;98;0;98;135;138;127;127;153;42;56;59;184;147;109;86;29;68;81;174;24;40;98;0;94;99;32;87;100;77;89;47;115;83;84;94;97;149;168;198;109;134;135;94;0;5;102;10;21;95;142;89;61;33;29;96;102;153;172;198;113;138;138;99;5;0;107;15;22;98;145;92;61;36;32;106;26;94;101;202;53;56;127;32;102;107;0;95;102;103;121;78;110;85;97;84;91;142;160;196;101;126;127;87;10;15;95;0;28;87;135;81;67;36;21;113;97;158;177;205;116;140;153;100;21;22;102;28;0;114;155;103;40;22;50;27;103;91;108;169;76;93;42;77;95;98;103;87;114;0;74;38;147;110;68;99;110;46;65;112;68;80;56;89;142;145;121;135;155;74;0;58;177;144;124;58;71;65;85;149;42;65;59;47;89;92;78;81;103;38;58;0;128;92;69;148;101;174;181;215;130;152;184;115;61;61;110;67;40;147;177;128;0;37;88;112;77;143;160;194;99;122;147;83;33;36;85;36;22;110;144;92;37;0;55;64;96;133;152;192;96;121;109;84;29;32;97;21;50;68;124;69;88;55;0
5;-2;-1;-2;-1;-1;-1;0;-2;-1;-1;-1;-1;-2;-1;1;0;-2;-2;0;-2;7;0;-1;-3;1;0;-2;0;-3;-2;3;-1;-2;-2;-1;-1;-2;-1;-2;-1;0;6;2;-2;0;0;0;1;-2;-3;0;-2;-2;-2;1;0;-4;-2;-3;-2;-1;2;7;-3;0;2;-1;0;-4;-3;0;-3;-4;-1;0;-1;-4;-2;-3;-1;-3;-2;-3;12;-3;-3;-3;-3;-3;-2;-3;-2;-2;-4;-1;-1;-5;-3;-1;-1;1;0;0;-3;6;2;-2;1;-2;-2;1;0;-4;-1;0;-1;-2;-1;-3;-1;0;0;2;-3;2;6;-2;0;-3;-2;1;-2;-3;0;0;-1;-3;-2;-3;0;-2;0;-1;-3;-2;-2;7;-2;-4;-3;-2;-2;-3;-2;0;-2;-2;-3;-3;-2;0;1;0;-3;1;0;-2;10;-3;-2;-1;0;-2;-2;-1;-2;-3;2;-3;-1;-3;-2;-4;-3;-2;-3;-4;-3;5;2;-3;2;0;-2;-2;-1;-2;0;3;-1;-2;-3;-3;-2;-2;-2;-3;-2;2;5;-3;2;1;-3;-3;-1;-2;0;1;-1;3;0;0;-3;1;1;-2;-1;-3;-3;5;-1;-3;-1;-1;-1;-2;-1;-2;-1;-1;-2;-3;-2;0;-2;-2;0;2;2;-1;6;0;-2;-2;-1;-2;0;1;-2;-2;-2;-4;-2;-4;-3;-3;-2;0;1;-3;0;8;-3;-2;-1;1;3;0;-1;-2;-2;-1;-4;-1;0;-2;-2;-2;-3;-1;-2;-3;9;-1;-1;-3;-3;-3;1;-1;1;0;-1;0;0;0;-1;-2;-3;-1;-2;-2;-1;4;2;-4;-2;-1;0;-1;0;-1;-1;-1;-1;-2;-2;-1;-1;-1;-1;-1;-1;2;5;-3;-1;0;-2;-2;-4;-4;-5;-2;-3;-2;-3;-2;-2;-2;-2;1;-3;-4;-3;15;3;-3;-2;-1;-2;-2;-3;-1;-2;-3;2;0;0;-1;0;3;-3;-2;-1;3;8;-1;0;-2;-3;-3;-1;-3;-3;-3;-3;3;1;-2;1;0;-3;-1;0;-3;-1;5
6;-2;-2;-3;-1;-1;-1;0;-2;-2;-2;-1;-1;-3;-1;2;0;-4;-3;0;-2;8;-1;-2;-5;1;0;-3;0;-4;-3;3;-2;-4;-3;-1;-2;-4;-3;-4;-2;-1;8;2;-4;0;0;-1;1;-5;-5;0;-3;-4;-3;1;0;-6;-3;-4;-3;-2;2;9;-5;0;2;-2;-2;-5;-5;-1;-5;-5;-2;0;-2;-6;-5;-5;-1;-5;-4;-5;13;-4;-5;-4;-4;-2;-2;-5;-2;-4;-4;-1;-1;-3;-4;-1;-1;1;0;0;-4;8;3;-3;1;-4;-3;2;-1;-5;-2;0;-1;-3;-2;-3;-1;0;0;2;-5;3;7;-3;0;-5;-4;1;-3;-5;-2;0;-1;-4;-3;-4;0;-3;-1;-2;-4;-3;-3;8;-3;-6;-5;-2;-4;-5;-3;0;-2;-4;-5;-5;-2;0;1;-2;-4;1;0;-3;11;-5;-4;-1;-2;-2;-3;-1;-3;-4;3;-5;-2;-4;-5;-5;-2;-4;-5;-6;-5;6;2;-4;2;0;-4;-4;-1;-4;-2;4;-2;-3;-5;-5;-2;-3;-4;-5;-4;2;6;-4;3;1;-4;-4;-2;-2;-2;1;-1;3;0;-1;-5;2;1;-2;-1;-4;-4;7;-2;-5;-2;0;-1;-4;-3;-3;-1;-2;-3;-5;-2;-1;-3;-4;-2;2;3;-2;8;0;-4;-2;-1;-2;-1;1;-3;-4;-4;-5;-4;-5;-5;-5;-2;0;1;-5;0;9;-5;-4;-3;1;4;-1;-1;-3;-3;-2;-4;-2;-2;-3;-3;-4;-4;-2;-4;-5;11;-1;-2;-5;-4;-4;2;-1;1;0;-1;0;0;0;-1;-4;-4;0;-2;-4;-1;6;2;-4;-3;-2;0;-2;0;-2;-1;-1;-1;-2;-3;-1;-2;-1;-1;-3;-2;2;7;-4;-2;0;-4;-4;-6;-6;-3;-3;-4;-4;-4;-4;-2;-4;-2;1;-5;-4;-4;16;3;-4;-3;-3;-3;-5;-4;-2;-3;-5;3;-2;-2;-3;-1;4;-4;-3;-2;3;10;-2;0;-4;-4;-5;-1;-3;-4;-5;-5;4;1;-3;1;-1;-4;-2;0;-4;-2;6
7;-3;-3;-3;-1;-2;-2;0;-3;-3;-3;-1;-2;-4;-1;2;0;-5;-4;-1;-3;9;-1;-3;-6;1;-1;-4;0;-5;-4;3;-3;-5;-3;-2;-2;-5;-4;-4;-3;-1;9;2;-5;0;-1;-1;1;-6;-6;0;-4;-6;-4;1;0;-7;-4;-5;-3;-3;2;10;-7;-1;2;-3;-2;-7;-7;-2;-6;-6;-3;-1;-2;-8;-6;-6;-1;-6;-5;-7;13;-5;-7;-6;-7;-2;-3;-6;-3;-4;-6;-2;-2;-5;-5;-2;-2;1;0;-1;-5;9;3;-4;1;-5;-4;2;-1;-5;-3;-1;-1;-4;-3;-4;-2;-1;-1;2;-7;3;8;-4;0;-6;-6;1;-4;-6;-2;-1;-2;-6;-5;-4;0;-4;-1;-3;-6;-4;-4;9;-4;-7;-7;-3;-5;-6;-5;-1;-3;-6;-6;-6;-3;0;1;-2;-7;1;0;-4;12;-6;-5;-1;-4;-2;-4;-2;-3;-4;3;-5;-3;-5;-6;-7;-2;-5;-6;-7;-6;7;2;-5;2;-1;-5;-4;-2;-5;-3;4;-3;-4;-6;-7;-3;-4;-6;-7;-5;2;6;-4;3;0;-5;-4;-3;-4;-2;1;-1;3;0;-2;-6;2;1;-3;-1;-5;-4;8;-3;-5;-2;-1;-1;-6;-4;-4;-2;-3;-4;-6;-3;-1;-4;-5;-4;2;3;-3;9;0;-4;-3;-1;-3;-3;1;-4;-5;-6;-6;-4;-5;-6;-6;-2;-1;0;-5;0;10;-6;-4;-4;0;4;-2;-1;-3;-4;-3;-6;-3;-2;-5;-4;-5;-5;-2;-4;-6;12;-2;-3;-7;-6;-4;2;-2;1;-1;-2;-1;-1;-1;-2;-4;-4;-1;-3;-4;-2;7;2;-6;-3;-3;0;-2;0;-2;-2;-1;-2;-3;-3;-2;-3;-1;-1;-4;-3;2;8;-5;-3;0;-5;-5;-7;-8;-5;-4;-6;-6;-4;-5;-4;-6;-3;0;-7;-6;-5;16;3;-5;-4;-4;-4;-6;-5;-3;-5;-6;3;-3;-2;-4;-3;4;-6;-3;-3;3;11;-3;-1;-4;-5;-6;-2;-4;-4;-6;-5;4;1;-4;1;-2;-4;-3;0;-5;-3;7
6;-1.6;-1.4;-1.6;-3.4;-0.6;-0.7;-0.5;-3.1;-2.2;-3.3;-0.9;-1.5;-3.2;-1;0;-0.8;-5.8;-4;-0.5;-1.6;10;-1.5;-3.4;-5.6;2.1;-0.2;-2.8;0.1;-5.4;-3.7;3.2;-4.2;-6;-3.6;-0.6;-1.4;-3.8;-2.1;-4.9;-1.4;-1.5;8;2.6;-7.6;-0.8;-0.7;-1.4;1.7;-4.7;-4.8;0.1;-3.7;-3.8;-2.4;1;0.1;-6.1;-1.3;-5.7;-1.6;-3.4;2.6;8.5;-9.7;-1.1;2.4;-2.1;-0.7;-4.8;-8;-1.5;-5.9;-7;-1;-0.2;-1.8;-6;-3.8;-5.2;-3.4;-5.6;-7.6;-9.7;16.1;-6.9;-6.9;-8.2;-8.2;-7.7;-8.7;-8.7;-4.4;-4.4;-8.9;-7.7;-6;-9.1;-7.7;-4.8;-0.6;2.1;-0.8;-1.1;-6.9;9;2.4;-2.8;1.4;-7;-4.4;1.1;-0.6;-6.4;-3.6;-1.2;-0.4;-8.2;-5.1;-3.6;-0.7;-0.2;-0.7;2.4;-6.9;2.4;8.6;-2.5;-2.3;-4.8;-5.6;1.1;-2.8;-6.4;-1.5;-2.2;-0.5;-7.6;-3.7;-4.2;-0.5;-2.8;-1.4;-2.1;-8.2;-2.8;-2.5;8;-3.2;-5.5;-7.2;-3.5;-5.2;-8.6;-2.5;-1.3;-3.8;-6.3;-5.4;-5.6;-3.1;0.1;1.7;-0.7;-8.2;1.4;-2.3;-3.2;12.7;-5.1;-4.2;0.1;-2.3;-1.7;-4.3;-2.6;-3;-4;-0.4;-3.9;-2.2;-5.4;-4.7;-4.8;-7.7;-7;-4.8;-5.5;-5.1;8.1;2.6;-4.7;2.6;0.5;-5.7;-4.7;-3.2;-3.3;-2.5;3.9;-3.3;-3.7;-4.8;-8;-8.7;-4.4;-5.6;-7.2;-4.2;2.6;7.3;-3.4;4.4;1.8;-2.8;-5.2;-4.6;-1;-2.4;1.8;-0.9;3.2;0.1;-1.5;-8.7;1.1;1.1;-3.5;0.1;-4.7;-3.4;7.6;-1.9;-5.6;-0.6;-1.5;-0.2;-5.4;-3.7;-3.7;-1.5;-4.2;-3.7;-5.9;-4.4;-0.6;-2.8;-5.2;-2.3;2.6;4.4;-1.9;11.2;-0.6;-9.8;-4.8;-3.2;-0.9;-1.3;0.7;-3.2;-6;-3.8;-7;-4.4;-6.4;-6.4;-8.6;-1.7;0.5;1.8;-5.6;-0.6;10.4;-5;-4.8;-5;3.4;3.4;-1.3;-1;-3.6;-2.4;-1;-8.9;-3.6;-1.5;-2.5;-4.3;-5.7;-2.8;-0.6;-9.8;-5;10.3;-1;-2;-7.4;-7;-5.2;0;-0.6;1;-0.2;-7.7;-1.2;-2.2;-1.3;-2.6;-4.7;-5.2;-1.5;-4.8;-4.8;-1;5.8;2;-6.2;-3.4;-4.3;-0.8;-1.4;0.1;-1.8;-6;-0.4;-0.5;-3.8;-3;-3.2;-4.6;-0.2;-3.2;-5;-2;2;6.8;-9.3;-2.7;-1.9;-5.8;-3.8;-6.1;-6;-9.1;-8.2;-7.6;-6.3;-4;-3.3;-1;-5.4;-0.9;3.4;-7.4;-6.2;-9.3;15.2;2.3;-4.9;-4;-2.1;-1.3;-3.8;-7.7;-5.1;-3.7;-5.4;-0.4;-2.5;-2.4;-3.7;-1.3;3.4;-7;-3.4;-2.7;2.3;10.5;-1.8;-0.5;-4.9;-5.7;-5.2;-4.8;-3.6;-4.2;-5.6;-3.9;3.9;1.8;-3.7;0.7;-1.3;-5.2;-4.3;-1.9;-4.9;-1.8;7
2;-1;0;0;-1;-1;-1;1;-2;0;-1;-1;-1;-3;1;1;2;-4;-3;1;-1;5;0;-1;-1;2;0;0;2;-3;-3;4;-2;-4;-1;-1;-1;0;-2;-3;0;0;3;2;-1;0;1;0;1;-2;-3;1;-2;-3;-1;1;1;-5;-1;-2;0;-1;2;5;-3;1;4;1;0;-3;-4;0;-3;-5;-2;0;-1;-5;-2;-2;-1;-1;-1;-3;11;-3;-4;-1;0;-2;-3;-3;-2;0;-2;1;-1;1;2;-2;-1;2;0;1;-3;5;2;-1;2;-3;-2;2;-2;-4;0;-1;-1;-3;-2;-3;-1;0;1;4;-4;2;5;0;0;-3;-4;1;-3;-5;-2;-1;-1;-5;-4;-2;1;0;0;1;-1;-1;0;5;-2;-3;-4;-1;-3;-5;-1;1;-1;-2;-4;-2;-2;2;1;0;0;2;0;-2;6;-3;-2;1;-2;0;0;-1;-1;-3;4;-3;0;-3;-2;-3;-2;-3;-3;-3;-3;4;2;-3;3;0;-2;-1;1;-4;-2;4;-1;-3;-3;-4;-3;-2;-4;-4;-2;2;5;-3;3;2;0;-2;-1;-2;-1;2;-1;4;1;0;-3;2;1;-1;1;-3;-3;5;-2;-5;-2;-1;-1;-3;-3;-3;-1;-2;-2;-3;-2;-2;-3;-3;-2;3;3;-2;6;0;-2;-1;0;-3;-2;2;-3;-4;-3;-5;0;-4;-5;-5;0;0;2;-5;0;8;-3;-2;-2;-1;5;0;1;-1;-1;-2;-2;0;-2;-1;0;-2;0;-2;-2;-3;6;1;1;-4;-3;-1;1;-1;1;0;1;-1;-1;1;-1;-1;-2;-1;-1;-2;1;2;1;-3;-1;-1;2;-1;1;-1;-1;-1;-1;-1;-1;1;-1;-1;0;-2;1;1;2;-4;-3;0;-4;0;-5;-5;1;-3;-5;-2;-3;-4;-2;-3;-3;-1;-4;-3;-4;15;0;-3;-3;-2;-1;-2;2;-2;-4;-4;4;-2;-1;-3;-2;5;-3;-1;-3;0;9;-3;1;-3;-2;-2;-2;-3;-2;-2;-3;4;2;-3;2;0;-1;-1;0;-3;-3;4
2;-1;-1;0;0;-2;0;1;-3;0;-2;-2;-1;-2;0;2;1;-4;-3;0;-1;7;2;1;-1;6;2;0;5;-3;-3;9;0;-4;-3;-1;-1;5;-1;-2;-1;2;11;6;-1;3;1;-2;3;-3;-4;5;-2;-4;-2;2;1;-3;-1;-3;0;1;6;12;-3;2;8;3;3;-3;-5;3;-3;-6;-2;0;0;-4;-2;-3;0;-1;-1;-3;6;-3;-3;-1;-1;-1;-1;-3;-1;1;-4;1;0;1;3;0;-2;6;3;2;-3;11;7;-1;7;-4;-2;6;-2;-4;0;-1;-2;0;0;-4;0;2;1;8;-3;7;13;3;2;-4;-5;1;-3;-6;-3;0;-1;-3;-5;-2;1;0;-2;3;-1;-1;3;6;-3;-2;-4;-1;-3;-4;-2;1;0;-2;-5;-1;-3;5;3;3;-1;7;2;-3;11;-4;-4;4;-3;-3;-4;-2;-2;-1;6;-4;0;-3;-3;-3;-1;-4;-4;-2;-4;2;1;-4;1;-1;-3;-1;0;-3;-4;2;-2;-3;-4;-5;-1;-2;-5;-4;-4;1;3;-4;1;1;-1;-2;-1;-2;-3;0;-2;9;5;3;-3;6;1;-1;4;-4;-4;12;-1;-5;-4;-1;-2;3;1;-4;-1;0;-2;-3;-1;-2;-3;-3;-3;1;1;-1;3;0;-3;-2;0;-2;-3;1;-2;-4;-4;-6;1;-4;-6;-4;-3;-1;1;-5;0;5;-4;-1;-2;-3;2;-1;0;-3;-2;-2;-4;0;-3;-2;-4;-3;-1;-4;-3;-4;11;-1;-1;-6;-5;-3;2;-1;2;0;1;-1;0;1;-2;-1;-2;-1;-2;-1;-1;3;2;-3;0;-1;1;-1;1;0;0;-2;-1;0;-2;0;-1;-2;0;-2;-1;2;3;-4;-3;0;-4;5;-3;-4;1;0;-3;-2;-1;-3;-2;3;-2;-3;-6;-3;-4;12;-2;-2;-3;-1;-1;-2;3;0;-5;-5;6;-4;-3;1;-3;2;-5;0;-3;-2;10;-4;0;-2;-3;-3;0;-4;-2;-1;-4;2;0;-4;1;-1;-3;-1;0;-2;-4;2
10;6.6;0;0;0;6.6;9;0;0;0;5;6.6;5;0;0;0;0;0;0;0;6.6;10;0;0;0;9;6.6;0;5;0;6.6;9;9;9;0;5;5;6.6;5;0;0;0;10;9;0;0;0;0;5;0;0;0;0;0;0;6.6;0;0;0;0;0;0;9;10;0;0;0;0;6.6;0;0;5;0;0;0;6.6;0;0;0;0;0;0;0;0;10;0;0;0;9;0;0;0;0;5;0;9;6.6;5;5;0;6.6;9;0;0;0;10;6.6;0;5;0;9;9;5;6.6;0;0;5;5;5;0;9;6.6;0;0;0;6.6;10;0;0;0;5;9;0;0;0;0;0;0;0;0;0;0;0;0;0;0;0;10;0;0;0;0;0;0;0;0;0;0;0;0;0;5;5;6.6;9;5;0;0;10;0;0;0;0;5;0;9;5;5;6.6;0;0;0;0;0;0;0;0;0;0;10;0;0;0;0;0;0;0;0;0;9;5;6.6;0;0;0;9;5;0;0;0;10;9;6.6;5;0;0;0;5;0;0;6.6;9;0;5;0;9;9;0;0;0;9;10;5;5;0;5;5;0;0;0;5;9;0;0;0;5;0;0;0;0;6.6;5;10;6.6;0;0;0;6.6;0;0;0;9;0;0;5;6.6;0;0;5;0;5;5;6.6;10;0;5;5;9;9;0;0;0;0;0;0;0;0;0;0;0;0;0;0;0;10;0;0;0;0;0;0;5;6.6;6.6;9;0;0;0;9;0;0;5;0;5;0;10;6.6;5;6.6;0;0;5;0;0;6.6;5;0;0;5;0;0;5;0;5;0;6.6;10;5;9;0;0;6.6;0;0;5;5;0;0;5;0;5;0;6.6;9;0;5;5;10;5;0;0;5;0;0;5;5;0;0;6.6;0;0;0;0;9;0;6.6;9;5;10;0;0;0;0;0;0;0;0;0;0;9;0;0;0;0;0;0;0;0;0;10
2;0;0;0;0;0;1;0;0;0;0;0;0;-1;-1;1;0;-1;-1;0;0;2;0;0;0;0;0;0;0;-1;-1;1;-1;-1;0;0;0;0;-1;-1;0;0;3;1;0;1;0;0;0;-1;-1;1;-1;-1;0;0;0;-1;-1;-1;0;0;1;2;0;0;1;0;0;-1;-1;0;-1;-1;0;0;0;-1;-1;-1;0;0;0;0;2;0;0;0;0;0;0;0;0;-1;0;0;0;-1;-1;0;0;0;1;0;0;2;1;0;0;-1;-1;0;-1;-1;0;0;0;-1;-1;-1;1;0;0;1;0;1;2;0;0;-1;-1;0;-1;-1;-1;0;0;-1;-1;-1;0;0;0;0;0;0;0;2;0;-1;-1;0;-1;-1;0;0;0;-1;-1;-1;0;0;0;0;0;0;0;0;2;-1;-1;0;-1;-1;0;0;0;-1;0;-1;0;-1;-1;-1;0;-1;-1;-1;-1;2;0;-1;0;1;-1;-1;0;0;0;1;0;-1;-1;-1;0;-1;-1;-1;-1;0;2;-1;2;0;-1;-1;0;0;0;1;0;1;1;0;0;0;0;0;0;-1;-1;2;-1;-1;0;0;0;-1;-1;-1;0;-1;-1;-1;0;-1;-1;-1;-1;0;2;-1;2;0;-1;-1;0;0;0;0;-1;-1;-1;-1;-1;-1;-1;-1;-1;1;0;-1;0;2;-1;-1;-1;0;1;0;-1;0;0;0;0;0;-1;0;0;-1;-1;0;-1;-1;3;0;0;-1;-1;-1;1;0;0;0;0;0;0;0;0;-1;-1;0;-1;-1;0;2;0;-1;-1;-1;0;0;0;0;0;0;0;0;0;0;0;0;0;-1;0;0;2;-1;-1;0;-1;0;-1;-1;-1;-1;-1;-1;-1;0;0;-1;0;0;-1;-1;-1;2;0;0;-1;-1;-1;-1;-1;-1;-1;-1;0;0;0;-1;0;1;-1;-1;-1;0;2;0;0;-1;-1;-1;0;-1;-1;-1;-1;1;1;-1;0;0;-1;-1;0;0;0;2
11;0;2;1;-5;2;3;-5;-4;1;1;-1;1;-13;1;4;3;-6;-6;3;0;32;2;-2;-6;6;2;-7;-1;-4;-4;6;0;-14;-9;1;-1;3;-3;-3;2;2;11;4;-7;3;2;-4;2;-3;-4;-1;-1;-11;-8;3;2;-6;-4;-3;1;-2;4;29;-13;2;6;-7;-5;-7;-10;-2;-7;-15;-9;2;-2;-10;-10;-7;-5;-6;-7;-13;109;-10;-12;-15;-23;-13;-1;-16;-3;-12;-28;-10;-7;-3;3;-7;2;6;3;2;-10;16;5;-8;2;-3;-2;5;0;-15;-6;2;1;-13;-9;-2;3;2;2;6;-12;5;15;-6;-3;-3;-4;3;-4;-18;-3;2;1;-14;-10;-2;-5;-7;-4;-7;-15;-8;-6;39;-13;-16;-17;-15;-11;-24;-19;-6;-12;-12;-16;-12;-4;-1;2;-5;-23;2;-3;-13;54;-10;-6;-8;-3;-6;-12;-4;-5;-3;2;-9;1;-4;-3;-7;-13;-3;-3;-16;-10;50;19;-10;20;7;-11;-5;0;1;-3;24;1;-4;-4;-10;-1;-2;-4;-17;-6;19;45;-11;24;11;-10;-5;-4;1;2;13;-1;6;-1;-2;-16;5;3;-15;-8;-10;-11;39;-8;-26;-9;-1;-3;-19;-16;-9;1;0;-1;-7;-3;0;-4;-11;-3;20;24;-8;40;13;-11;-4;-2;9;4;14;-13;-14;-11;-15;-12;-15;-18;-24;-6;7;11;-26;13;85;-24;-14;-13;10;22;0;1;-9;-8;-9;-28;-6;-3;-19;-12;-11;-10;-9;-11;-24;55;-3;-6;-11;-17;-8;4;1;3;2;-10;2;2;-6;-4;-5;-5;-1;-4;-14;-3;17;4;-7;-6;-4;3;-1;2;-2;-7;1;1;-12;-5;0;-4;-3;-2;-13;-6;4;30;-14;-9;-1;-6;3;-6;-10;-3;-13;-14;-12;-3;1;1;-19;9;10;-11;-7;-14;124;29;-1;-6;-3;-4;-10;3;-9;-10;-16;2;-3;2;-16;4;22;-17;-6;-9;29;64;-2;3;-3;-3;-7;-7;-2;-2;-12;-9;24;13;-9;14;0;-8;-4;-1;-1;-2;39
12;5;5;6;1;6;7;5;-2;-1;-10;6;-6;-24;-5;9;8;-20;-4;0;5;9;5;8;-10;6;8;-2;5;-4;-10;10;-6;-11;-12;6;6;2;3;-3;5;5;6;8;-11;6;8;5;6;-3;-10;10;-8;-19;-11;8;6;-6;0;-3;6;8;8;17;-14;8;12;6;5;-6;-16;13;-13;-25;-7;8;8;-16;0;-4;1;-10;-11;-14;93;-5;-16;-36;-20;-17;-35;-22;-17;-36;-30;-11;1;0;-7;-12;6;6;6;8;-5;7;9;3;4;-4;-12;10;-5;-20;-7;8;8;-2;0;-3;7;8;8;12;-16;9;15;8;-3;-5;-14;13;-12;-30;-7;9;10;-18;-3;-4;5;-2;5;6;-36;3;8;52;-14;-20;-32;2;-32;-52;-11;7;0;-23;-16;-20;-2;5;6;5;-20;4;-3;-14;65;-10;-18;6;-5;-10;-23;-1;-5;-21;5;-6;-1;-4;-3;-6;-17;-4;-5;-20;-10;31;9;-5;18;-4;-28;-11;-1;-19;0;17;-10;-10;-10;-16;-35;-12;-14;-32;-18;9;37;-15;13;2;-36;-25;-18;-18;-2;8;6;10;10;13;-22;10;13;2;6;-5;-15;31;-11;-30;-5;8;6;-21;-1;-4;-6;-6;-8;-13;-17;-5;-12;-32;-5;18;13;-11;61;2;-25;-18;-9;-20;1;12;-24;-11;-19;-25;-36;-20;-30;-52;-10;-4;2;-30;2;67;-28;-37;-37;11;21;-9;-5;-12;-11;-7;-30;-7;-7;-11;-23;-28;-36;-5;-25;-28;83;-9;-14;-47;-20;-20;9;6;8;8;-11;8;9;7;-1;-11;-25;8;-18;-37;-9;36;10;-29;-6;-10;8;6;6;8;1;8;10;0;-5;-1;-18;6;-9;-37;-14;10;35;-29;-8;-2;-20;2;-6;-16;0;-2;-18;-23;-21;-19;-18;-21;-20;11;-47;-29;-29;129;44;-8;-4;3;0;0;-7;0;-3;-16;5;0;-2;-1;1;21;-20;-6;-8;44;26;-2;0;-3;-3;-4;-12;-3;-4;-20;-6;17;8;-4;12;-9;-20;-10;-2;-8;-2;26
24;-2;-1;-2;2;-1;-2;1;-5;-5;-18;-10;-3;-20;-2;1;1;-20;-21;-5;-2;18;2;0;2;2;-1;2;0;-3;-7;5;0;-18;-2;2;2;-8;-10;-3;-1;2;16;4;1;2;1;4;3;-6;-12;-2;-5;-18;-2;4;3;-18;-10;-6;-2;0;4;23;-1;3;6;2;1;-9;-18;-4;-7;-18;1;3;1;-12;-14;-4;2;2;1;-1;9;2;-3;4;0;4;-3;-4;4;4;-1;5;4;16;-7;5;-1;2;2;3;2;13;3;2;2;-4;-13;-1;0;-13;1;2;2;-3;-12;-5;-2;-1;1;6;-3;3;24;1;-1;-10;-16;-4;-5;-24;-1;1;0;-16;-21;-6;1;2;4;2;4;2;1;29;0;-5;-15;-4;-5;-21;0;5;3;-21;-14;-5;-5;0;3;1;0;2;-1;0;43;-4;-12;-6;-5;-9;-7;0;1;7;-1;-8;-5;-3;-6;-9;4;-4;-10;-5;-4;41;13;-11;17;10;-8;-4;3;-14;-14;18;-18;-7;-12;-18;-3;-13;-16;-15;-12;13;54;-21;13;12;-24;-12;-6;-3;-13;-1;-10;5;-2;-4;-4;-1;-4;-4;-6;-11;-21;32;-7;-30;-8;-3;-3;-31;-25;-11;-3;0;-5;-7;4;0;-5;-5;-5;17;13;-7;44;13;-10;-3;2;-14;-19;7;-20;-18;-18;-18;4;-13;-24;-21;-9;10;12;-30;13;99;-32;-18;-16;36;40;-11;-2;-2;-2;1;-1;1;-1;0;-7;-8;-24;-8;-10;-32;67;1;-3;-29;-17;-6;1;2;4;3;5;2;1;5;0;-4;-12;-3;-3;-18;1;17;4;-19;-16;-2;1;2;3;1;4;2;0;3;1;3;-6;-3;2;-16;-3;4;16;-2;-15;3;-20;-8;-18;-12;16;-3;-16;-21;7;-14;-3;-31;-14;36;-29;-19;-2;170;47;-9;-21;-10;-10;-14;-7;-12;-21;-14;-1;-14;-13;-25;-19;40;-17;-16;-15;47;105;-18;-5;-3;-6;-4;5;-5;-6;-5;-8;18;-1;-11;7;-11;-6;-2;3;-9;-18;44
22;-2;4;-1;8;2;4;5;-30;-2;-14;1;-2;-18;5;9;6;-50;-15;-1;-2;38;5;5;-1;9;12;0;4;-1;-3;22;2;-14;2;4;3;-35;-3;-3;4;5;4;11;4;4;5;7;-3;0;-6;6;0;-15;2;4;3;-34;-4;-1;-1;5;11;71;-13;10;20;0;7;-13;-20;9;-11;-26;5;3;1;-55;-8;-15;8;-1;4;-13;50;0;-2;3;-30;3;-11;-2;0;-12;2;10;8;-45;-8;1;2;9;4;10;0;6;7;5;13;0;-7;9;-1;-14;2;4;3;-15;0;-2;4;12;5;20;-2;7;12;8;-3;-2;-10;14;-3;-21;4;5;4;-40;-8;-3;5;0;7;0;3;5;8;53;-32;-6;-21;2;-6;-25;6;7;4;-57;-17;-10;-30;4;-3;7;-30;13;-3;-32;95;-17;-10;-9;-8;-7;-14;-19;-16;-41;23;-27;-2;-1;0;-13;3;0;-2;-6;-17;17;0;-1;3;-4;1;1;2;-27;-4;5;-14;-3;-6;-20;-11;-7;-10;-21;-10;0;25;-8;2;-4;-7;-10;-6;-30;-5;-6;1;22;6;9;-2;9;14;2;-9;-1;-8;33;-3;-23;3;5;5;-23;-13;-4;-2;2;0;-11;0;-1;-3;-6;-8;3;2;-3;17;1;-1;0;1;-12;-2;3;-18;-14;-15;-26;-12;-14;-21;-25;-7;-4;-4;-23;1;58;-8;-14;-13;4;25;-9;5;2;2;5;2;2;4;6;-14;1;-7;3;-1;-8;4;9;4;-33;-3;0;9;4;4;3;10;4;5;7;-19;1;-10;5;0;-14;9;23;9;-45;-10;-1;6;3;3;1;8;3;4;4;-16;2;-6;5;1;-13;4;9;10;-39;-9;2;-50;-35;-34;-55;-45;-15;-40;-57;-41;-27;-30;-23;-12;4;-33;-45;-39;130;31;-23;-15;-3;-4;-8;-8;0;-8;-17;23;-4;-5;-13;-2;25;-3;-10;-9;31;68;-14;-1;-3;-1;-15;1;-2;-3;-10;-27;5;-6;-4;3;-9;0;-1;2;-23;-14;21
27;-3;-2;-4;-22;-3;-3;9;-11;-2;-7;-6;2;-4;6;5;3;-2;-10;-2;-3;32;0;0;-28;2;-1;6;-7;-2;-8;9;2;-9;-1;-4;2;-31;-13;-4;-2;0;18;9;6;1;0;-4;14;-8;-11;-1;-3;-8;5;0;-4;-30;-2;-9;-4;0;9;38;-26;3;10;3;12;-10;-21;-2;-7;-17;-2;0;-1;-40;-13;-13;-22;-28;6;-26;156;-29;-30;-33;-33;-26;-34;-32;-17;12;-22;6;-7;-34;-25;-11;-3;2;1;3;-29;30;6;3;4;-7;-13;4;-5;-9;1;-6;2;-34;-14;-8;-3;-1;0;10;-30;6;25;4;-5;-7;-13;2;-5;-12;-10;-3;0;-35;-13;-8;9;6;-4;3;-33;3;4;59;-4;-8;-21;-1;-2;-10;-10;0;-1;-33;-14;-14;-11;-7;14;12;-33;4;-5;-4;84;-13;-9;-19;-11;-3;-9;-11;-19;-36;18;-19;-2;-2;-8;-10;-26;-7;-7;-8;-13;29;16;-9;10;7;8;-10;-3;-25;-10;11;-7;-8;-11;-21;-34;-13;-13;-21;-9;16;42;-14;12;6;3;-15;-12;-29;-1;8;-6;9;-1;-2;-32;4;2;-1;-19;-9;-14;30;-5;-11;-12;-4;-1;-14;-14;-8;2;2;-3;-7;-17;-5;-5;-2;-11;10;12;-5;7;2;6;-2;2;-21;-4;7;-4;-9;-8;-17;12;-9;-12;-10;-3;7;6;-11;2;47;2;-9;-8;32;24;-3;6;-1;5;-2;-22;1;-10;-10;-9;8;3;-12;6;2;56;-4;-2;-25;3;1;5;-4;0;0;6;-6;-3;0;-11;-10;-15;-4;-2;-9;-4;25;4;-13;-7;-7;3;2;-4;-1;-7;2;0;-1;-19;-3;-12;-1;2;-8;-2;4;20;-31;-16;-1;-2;-31;-30;-40;-34;-34;-35;-33;-36;-25;-29;-14;-21;32;-25;-13;-31;150;11;-15;-10;-13;-2;-13;-25;-14;-13;-14;18;-10;-1;-14;-4;24;3;-7;-16;11;56;-13;-2;-4;-9;-13;-11;-8;-8;-14;-19;11;8;-8;7;-3;1;-7;-1;-15;-13;24
18;1;6;4;0;6;8;14;2;-8;-6;4;1;-12;4;12;6;-23;0;-7;1;60;10;-1;-7;24;-1;-8;11;-14;-12;22;3;-10;-20;3;10;16;7;-11;6;10;18;18;5;18;22;6;13;-14;-15;16;3;-6;-13;13;8;-11;13;-17;4;-1;18;80;0;18;29;-4;24;-22;-27;30;5;-24;-26;17;2;-24;7;-30;0;-7;5;0;66;7;-1;-10;-2;-29;-29;2;-23;-40;-8;-1;-11;-43;-9;-28;6;24;18;18;7;42;15;4;13;-14;-9;22;4;-16;-17;10;4;-14;9;-15;8;-1;22;29;-1;15;59;13;16;-18;-21;10;5;-7;-19;13;9;-19;14;-24;14;-8;6;-4;-10;4;13;48;-3;-9;-9;-2;4;-17;-14;16;8;-32;-9;-9;2;11;13;24;-2;13;16;-3;18;-15;-15;14;3;6;-15;10;5;18;20;-19;-8;-14;-14;-22;-29;-14;-18;-9;-15;20;11;-13;3;-10;-9;-12;-7;-8;-16;11;-6;-12;-15;-27;-29;-9;-21;-9;-15;11;25;-11;2;-4;-3;-15;-11;-8;-12;9;4;22;16;30;2;22;10;-2;14;-13;-11;35;6;-14;-16;11;7;-11;11;-12;1;3;3;5;-23;4;5;4;3;3;2;6;35;-2;-16;-2;3;-15;2;-5;-12;-10;-6;-24;-40;-16;-7;-17;6;-10;-4;-14;-2;58;-9;-16;-17;3;16;-13;4;-20;-13;-26;-8;-17;-19;-14;-15;-9;-3;-16;-16;-9;95;-4;-1;-32;-7;-9;12;3;13;17;-1;10;13;16;10;-12;-15;11;-2;-16;-4;28;12;-21;3;-14;6;10;8;2;-11;4;9;8;5;-7;-11;7;3;-17;-1;12;24;-7;1;-7;-23;16;-11;-24;-43;-14;-19;-32;18;-8;-8;-11;-15;3;-32;-21;-7;115;15;-15;0;7;13;7;-9;9;14;-9;20;-16;-12;11;2;16;-7;3;1;15;37;-18;-7;-11;-17;-30;-28;-15;-24;-9;-19;11;9;-12;-5;-13;-9;-14;-7;-15;-18;21
11;1;2;2;-5;3;3;-4;-3;-1;-3;1;-1;-16;0;4;3;-9;-5;2;1;28;3;1;-9;7;3;-6;0;-6;-7;7;-2;-15;-8;2;0;2;-1;-4;2;3;10;5;-9;4;3;-2;2;-4;-7;2;-3;-14;-7;4;3;-7;-2;-4;2;1;5;27;-15;4;8;-5;-3;-9;-14;1;-9;-20;-8;3;-1;-13;-7;-7;-5;-9;-9;-15;108;-11;-15;-21;-23;-13;-10;-19;-7;-19;-30;-11;-6;-1;0;-8;3;7;4;4;-11;14;6;-6;2;-4;-6;6;-2;-18;-6;3;2;-13;-6;-3;3;3;3;8;-15;6;15;-4;-2;-5;-8;5;-7;-22;-3;3;2;-17;-9;-3;-4;-6;-2;-5;-21;-6;-4;41;-12;-18;-22;-12;-15;-30;-17;-4;-10;-15;-16;-14;-3;0;2;-3;-23;2;-2;-12;55;-12;-10;-6;-4;-9;-12;-3;-5;-7;3;-9;-1;-6;-4;-9;-13;-4;-5;-18;-12;49;19;-11;22;5;-15;-8;-1;-5;-2;24;-3;-7;-7;-14;-10;-6;-8;-22;-10;19;48;-15;24;10;-16;-10;-9;-5;0;14;1;7;2;1;-19;6;5;-12;-6;-11;-15;38;-10;-29;-8;1;-2;-21;-12;-9;-1;-2;-3;-9;-7;-2;-7;-15;-4;22;24;-10;52;11;-15;-7;-4;4;3;15;-16;-15;-14;-20;-19;-18;-22;-30;-9;5;10;-29;11;83;-26;-19;-19;10;22;-2;0;-8;-7;-8;-30;-6;-3;-17;-12;-15;-16;-8;-15;-26;58;-3;-7;-16;-16;-11;4;2;4;3;-11;3;3;-4;-3;-8;-10;1;-7;-19;-3;19;5;-11;-5;-6;3;0;3;-1;-6;2;2;-10;-5;-1;-9;-2;-4;-19;-7;5;31;-18;-9;-2;-9;2;-7;-13;-1;-13;-17;-15;-7;-5;-5;-21;4;10;-16;-11;-18;129;35;-3;-5;-1;-2;-7;0;-6;-9;-16;3;-2;0;-12;3;22;-16;-5;-9;35;59;-3;2;-4;-4;-7;-8;-3;-3;-14;-9;24;14;-9;15;-2;-11;-6;-2;-3;-3;37
23;-1;1;0;4;1;0;2;-6;-6;-19;-6;-4;-23;1;3;2;-43;-19;-6;-1;19;5;3;1;5;4;3;2;-6;-10;9;-2;-22;2;4;2;-29;-8;-6;1;5;13;7;1;5;5;6;5;-7;-14;3;-5;-22;3;5;4;-38;-7;-8;0;3;7;28;-4;6;10;4;3;-12;-21;2;-9;-24;5;5;2;-35;-12;-9;4;1;1;-4;51;1;-5;4;-5;5;-8;-6;3;-4;-2;7;6;-13;-8;3;1;5;5;6;1;11;7;3;4;-6;-14;4;-2;-19;5;4;3;-19;-8;-7;0;4;5;10;-5;7;23;3;1;-10;-18;3;-7;-28;6;4;2;-38;-16;-8;2;3;6;4;4;3;3;37;-1;-8;-19;-1;-6;-26;3;6;4;-46;-14;-9;-6;2;5;3;-5;4;1;-1;52;-9;-14;-2;-7;-13;-4;0;0;-17;4;-14;-6;-6;-7;-12;5;-6;-10;-8;-9;38;7;-12;12;3;-7;-5;1;-25;-11;13;-19;-10;-14;-21;-8;-14;-18;-19;-14;7;45;-21;8;4;-21;-15;-9;-22;-12;-4;-6;9;3;2;-6;4;3;-1;-2;-12;-21;34;-8;-34;-1;1;0;-43;-20;-13;-4;-2;-5;-9;3;-2;-7;-6;-7;12;8;-8;40;8;-8;-4;0;-11;-12;6;-23;-22;-22;-24;-4;-19;-28;-26;-13;3;4;-34;8;88;-28;-21;-19;19;33;-9;1;2;3;5;-2;5;6;3;-4;-7;-21;-1;-8;-28;59;6;1;-46;-10;-7;3;4;5;5;7;4;4;6;0;-5;-15;1;-4;-21;6;17;5;-41;-14;-4;2;2;4;2;6;3;2;4;0;1;-9;0;0;-19;1;5;14;-25;-13;1;-43;-29;-38;-35;-13;-19;-38;-46;-17;-25;-22;-43;-11;19;-46;-41;-25;162;36;-18;-19;-8;-7;-12;-8;-8;-16;-14;4;-11;-12;-20;-12;33;-10;-14;-13;36;97;-19;-6;-6;-8;-9;3;-7;-8;-9;-14;13;-4;-13;6;-9;-7;-4;1;-18;-19;40
23;-2;1;-1;-5;0;0;12;-4;-7;-7;-3;1;-9;5;7;4;-17;-5;-5;-2;40;4;2;-19;9;2;2;2;-9;-10;14;2;-11;-6;1;6;-5;-5;-7;1;4;15;13;-5;7;8;0;13;-12;-13;7;-2;-9;2;6;2;-22;4;-12;-1;2;13;49;-16;9;17;1;17;-17;-22;8;-5;-21;-7;8;2;-32;-5;-18;-5;-19;-5;-16;97;-11;-21;-18;-12;-30;-34;-23;-28;-31;-12;-10;-18;-53;-19;-27;0;9;7;9;-11;31;11;4;8;-13;-12;12;-3;-12;-2;2;4;-26;-4;-11;0;2;8;17;-21;11;31;6;5;-13;-14;10;-3;-13;-13;5;4;-29;-3;-12;12;2;0;1;-18;4;6;54;-5;-11;-15;0;2;-15;-13;8;3;-33;-13;-12;-4;2;13;17;-12;8;5;-5;55;-15;-13;-1;-3;3;-10;3;-4;7;21;-18;-7;-9;-12;-17;-30;-13;-13;-11;-15;28;13;-14;8;-3;-1;-13;-7;-12;-15;11;-7;-10;-13;-22;-34;-12;-14;-15;-13;13;34;-13;8;1;-1;-15;-12;-15;-7;8;-3;14;7;8;-23;12;10;0;-1;-14;-13;34;-4;-14;-14;4;4;-15;-5;-10;1;2;-2;-5;-28;-3;-3;2;-3;8;8;-4;25;-1;0;-3;2;-20;-3;2;-9;-11;-9;-21;-31;-12;-13;-15;3;-3;1;-14;-1;57;-4;-14;-13;16;20;-9;5;-6;2;-7;-12;-2;-13;-13;-10;-1;-1;-14;0;-4;78;-4;-3;-28;-1;-4;7;1;6;8;-10;2;5;8;3;-13;-15;4;-3;-14;-4;26;8;-19;-3;-10;4;6;2;2;-18;4;4;3;-4;-7;-12;4;2;-13;-3;8;21;-20;-8;-4;-17;-5;-22;-32;-53;-26;-29;-33;7;-12;-15;-15;-20;16;-28;-19;-20;133;13;-17;-5;-5;4;-5;-19;-4;-3;-13;21;-15;-7;-5;-3;20;-1;-3;-8;13;47;-15;-5;-7;-12;-18;-27;-11;-12;-12;-18;11;8;-10;2;-9;-4;-10;-4;-17;-15;23
8;2;3;3;1;3;4;3;3;2;2;3;3;1;4;4;3;1;1;3;2;8;3;1;1;5;3;3;5;1;2;5;1;1;3;4;3;3;2;2;3;3;8;5;1;4;4;3;4;1;1;4;2;0;1;5;3;0;2;1;3;1;5;8;1;4;5;3;4;0;1;3;2;1;3;3;3;0;1;1;1;1;1;1;9;0;0;1;3;1;0;0;3;0;0;2;2;2;1;1;3;5;4;4;0;8;5;2;4;0;3;4;3;0;3;4;3;2;1;2;4;3;4;5;0;5;8;3;2;1;1;4;1;0;4;4;4;1;2;2;3;3;3;3;1;2;3;8;2;1;1;3;1;0;3;3;2;1;0;2;3;5;4;4;3;4;2;2;8;2;2;4;3;4;3;3;4;3;4;2;2;1;1;0;1;0;1;1;2;8;5;1;5;3;1;2;3;3;3;5;2;2;1;1;0;3;1;1;2;5;8;2;6;5;1;2;3;3;3;5;3;5;4;3;0;4;4;3;4;1;2;8;1;0;3;3;3;1;1;2;3;1;2;2;3;3;1;1;3;5;6;1;8;5;1;2;3;1;2;4;1;1;0;1;0;0;0;0;4;3;5;0;5;9;1;2;1;6;6;3;4;3;1;3;0;3;4;3;3;1;1;3;1;1;8;3;3;0;0;2;4;4;5;3;2;4;4;3;3;2;2;3;2;2;3;8;5;3;3;2;3;3;3;3;2;3;4;2;4;3;3;3;3;1;3;5;8;2;1;3;1;3;0;0;2;2;1;1;3;3;3;1;1;6;0;3;2;9;6;2;1;2;2;1;1;1;2;0;4;3;3;1;2;6;0;3;1;6;9;3;3;2;1;1;1;2;2;2;2;5;5;2;4;3;2;2;3;2;3;8
5;0;0;0;0;0;0;3;0;0;0;0;0;0;1;1;1;0;0;0;0;6;0;0;0;0;0;0;0;0;0;3;0;0;0;0;0;0;0;0;0;0;5;3;0;2;1;0;1;0;0;0;0;0;0;1;1;0;0;0;0;0;3;5;0;1;2;0;0;0;0;0;0;0;0;0;0;0;0;0;0;0;0;0;6;0;0;0;0;0;0;0;0;0;0;2;0;0;0;0;0;0;2;1;0;5;3;0;2;0;0;1;0;0;0;1;0;0;0;0;0;0;1;2;0;3;5;0;0;0;0;0;0;0;0;0;0;0;0;0;3;0;0;0;0;0;0;6;0;0;0;0;0;0;0;0;0;0;0;0;0;0;1;0;0;2;0;0;6;0;0;0;0;2;0;0;0;1;2;0;0;0;0;0;0;0;0;0;0;5;3;0;3;1;0;0;1;1;1;2;0;0;0;0;0;0;0;0;0;3;5;0;3;2;1;0;0;1;1;1;0;3;0;0;0;1;0;0;0;0;0;5;0;0;0;0;0;0;0;0;0;0;0;0;0;0;0;0;0;3;3;0;6;2;0;0;0;1;1;1;0;0;0;0;0;0;0;0;2;1;2;0;2;6;0;0;0;3;3;1;1;0;0;0;0;0;0;0;0;0;1;0;0;0;5;0;1;0;0;1;1;0;1;0;2;1;0;0;0;0;0;0;0;0;0;5;3;0;0;0;1;0;1;0;0;0;0;0;0;1;0;0;0;0;1;3;5;0;0;0;0;0;0;0;0;0;0;0;1;1;1;0;1;3;0;0;0;6;2;0;0;0;0;0;0;0;0;0;2;1;1;0;1;3;0;0;0;2;6;0;0;0;0;0;0;0;0;0;0;2;1;0;1;1;1;0;0;0;0;5
0.34;-0.08;-0.16;0.04;-0.51;-0.16;0.03;0.19;-0.21;-0.45;-0.45;-0.2;-0.47;-0.47;0.17;0.16;0.18;-0.51;-0.34;-0.06;-0.08;0.65;0.01;-0.06;-0.35;0.15;-0.02;0.2;0.11;-0.82;-0.74;0.04;-0.83;-0.79;0.14;0.05;0;-0.26;-0.31;-0.54;-0.16;0.01;0.38;0.2;-0.46;0.2;0.19;-0.11;0.21;-0.83;-0.9;0.38;-0.97;-0.71;-0.12;-0.02;0.11;-0.79;0.12;-0.69;0.04;-0.06;0.2;0.36;-0.41;0.16;0.32;0.15;0.18;-0.78;-0.75;0.16;-0.9;-0.62;-0.15;-0.14;-0.1;-0.64;0.09;-0.39;-0.51;-0.35;-0.46;-0.41;1.02;-0.74;-0.64;-0.18;-0.29;-0.13;-0.02;-0.81;-0.29;0.39;-0.65;-0.2;-0.62;0.82;0.4;-0.19;-0.16;0.15;0.2;0.16;-0.74;0.48;0.25;-0.14;0.37;-0.95;-0.74;0.3;-0.97;-0.85;0.15;-0.2;-0.07;-0.83;-0.02;-0.68;0.03;-0.02;0.19;0.32;-0.64;0.25;0.36;0.13;0.13;-0.86;-0.8;0.25;-0.87;-0.81;-0.13;-0.19;-0.09;-0.66;-0.11;-0.42;0.19;0.2;-0.11;0.15;-0.18;-0.14;0.13;0.43;-0.19;-0.58;-0.56;-0.16;-0.61;-0.52;-0.14;0;-0.09;-0.15;-0.35;-0.15;-0.21;0.11;0.21;0.18;-0.29;0.37;0.13;-0.19;0.54;-0.69;-0.5;0.14;-0.86;-0.43;0.14;-0.15;-0.13;-0.7;0.35;-0.59;-0.45;-0.82;-0.83;-0.78;-0.13;-0.95;-0.86;-0.58;-0.69;0.75;0.48;-1.01;0.67;0.45;-0.78;-0.68;-0.59;-0.23;-0.35;0.41;-0.45;-0.74;-0.9;-0.75;-0.02;-0.74;-0.8;-0.56;-0.5;0.48;0.61;-1.06;0.5;0.48;-0.67;-0.7;-0.77;0.13;-0.27;0.41;-0.2;0.04;0.38;0.16;-0.81;0.3;0.25;-0.16;0.14;-1.01;-1.06;0.49;-1.03;-1.03;-0.14;-0.14;0.09;-0.92;-0.12;-0.79;-0.47;-0.83;-0.97;-0.9;-0.29;-0.97;-0.87;-0.61;-0.86;0.67;0.5;-1.03;0.97;0.35;-0.82;-0.75;-0.61;0.04;-0.56;0.41;-0.47;-0.79;-0.71;-0.62;0.39;-0.85;-0.81;-0.52;-0.43;0.45;0.48;-1.03;0.35;0.61;-0.76;-0.53;-0.75;0.25;0.14;0.36;0.17;0.14;-0.12;-0.15;-0.65;0.15;-0.13;-0.14;0.14;-0.78;-0.67;-0.14;-0.82;-0.76;0.56;0.24;0.25;-0.71;-0.2;-0.47;0.16;0.05;-0.02;-0.14;-0.2;-0.2;-0.19;0;-0.15;-0.68;-0.7;-0.14;-0.75;-0.53;0.24;0.48;0.28;-0.29;-0.04;-0.44;0.18;0;0.11;-0.1;-0.62;-0.07;-0.09;-0.09;-0.13;-0.59;-0.77;0.09;-0.61;-0.75;0.25;0.28;0.45;-0.7;-0.27;-0.44;-0.51;-0.26;-0.79;-0.64;0.82;-0.83;-0.66;-0.15;-0.7;-0.23;0.13;-0.92;0.04;0.25;-0.71;-0.29;-0.7;1.42;0;-0.17;-0.34;-0.31;0.12;0.09;0.4;-0.02;-0.11;-0.35;0.35;-0.35;-0.27;-0.12;-0.56;0.14;-0.2;-0.04;-0.27;0;0.84;-0.39;-0.06;-0.54;-0.69;-0.39;-0.19;-0.68;-0.42;-0.15;-0.59;0.41;0.41;-0.79;0.41;0.36;-0.47;-0.44;-0.44;-0.17;-0.39;0.54
0;2.92;1.78;2.37;1.39;1.92;2.46;0.91;2.17;2.69;2.76;2.96;2.42;3.23;0.06;0.51;0.9;4.23;3.18;1.85;2.92;0;2.04;2.34;3.06;1.13;1.45;3.58;0.82;2.49;2.62;0.4;2.29;2.47;2.9;2.74;2.03;2.72;2.02;2.43;1.78;2.04;0;0.65;2.83;0.99;0.85;1.96;1.29;3.37;3.49;1.84;3.08;3.7;1.8;1.31;1.4;4.39;3.42;2.76;2.37;2.34;0.65;0;3.48;1.47;0.9;2.37;1.72;3.98;4.1;2.05;3.69;4.27;2.4;1.87;2.05;4.88;3.95;3.4;1.39;3.06;2.83;3.48;0;2.48;3.26;2.22;2.56;1.63;1.65;3.27;1.46;2.24;1.33;1.84;1.45;3.34;2.38;0.86;1.92;1.13;0.99;1.47;2.48;0;0.84;2.48;0.32;2.57;2.7;1.06;2.3;2.81;1.92;1.65;1.12;3.42;2.48;2.13;2.46;1.45;0.85;0.9;3.26;0.84;0;2.78;0.96;3.39;3.53;1.14;3.13;3.59;2.48;2.06;1.83;4.08;3.22;2.97;0.91;3.58;1.96;2.37;2.22;2.48;2.78;0;2.78;3.6;3.67;3.54;3.34;4.14;0.97;0.85;1.7;5.13;4.08;2.76;2.17;0.82;1.29;1.72;2.56;0.32;0.96;2.78;0;2.45;2.59;0.79;2.19;2.63;2.15;1.94;1.32;3.16;2.27;2.11;2.69;2.49;3.37;3.98;1.63;2.57;3.39;3.6;2.45;0;0.14;2.84;0.29;0.61;2.62;2.95;2.14;1.72;0.86;0.85;2.76;2.62;3.49;4.1;1.65;2.7;3.53;3.67;2.59;0.14;0;2.98;0.41;0.63;2.7;3.04;2.25;1.73;0.94;0.91;2.96;0.4;1.84;2.05;3.27;1.06;1.14;3.54;0.79;2.84;2.98;0;2.63;2.85;2.94;2.71;2.1;3.11;2.42;2.7;2.42;2.29;3.08;3.69;1.46;2.3;3.13;3.34;2.19;0.29;0.41;2.63;0;0.82;2.36;2.67;1.86;1.89;0.93;0.62;3.23;2.47;3.7;4.27;2.24;2.81;3.59;4.14;2.63;0.61;0.63;2.85;0.82;0;3.17;3.45;2.6;1.11;0.48;1.43;0.06;2.9;1.8;2.4;1.33;1.92;2.48;0.97;2.15;2.62;2.7;2.94;2.36;3.17;0;0.56;0.87;4.17;3.12;1.79;0.51;2.74;1.31;1.87;1.84;1.65;2.06;0.85;1.94;2.95;3.04;2.71;2.67;3.45;0.56;0;0.89;4.38;3.33;2.15;0.9;2.03;1.4;2.05;1.45;1.12;1.83;1.7;1.32;2.14;2.25;2.1;1.86;2.6;0.87;0.89;0;3.5;2.45;1.42;4.23;2.72;4.39;4.88;3.34;3.42;4.08;5.13;3.16;1.72;1.73;3.11;1.89;1.11;4.17;4.38;3.5;0;1.06;2.51;3.18;2.02;3.42;3.95;2.38;2.48;3.22;4.08;2.27;0.86;0.94;2.42;0.93;0.48;3.12;3.33;2.45;1.06;0;1.52;1.85;2.43;2.76;3.4;0.86;2.13;2.97;2.76;2.11;0.85;0.91;2.7;0.62;1.43;1.79;2.15;1.42;2.51;1.52;0
16;8;9;9;11;11;10;8;11;9;11;10;11;10;6;10;10;11;9;9;8;16;10;10;8;10;9;7;10;4;6;11;6;5;6;9;9;7;7;5;9;10;16;11;9;11;10;10;10;5;7;11;6;6;9;11;10;8;8;5;9;10;11;16;8;11;11;9;9;3;6;11;5;4;8;10;9;6;7;3;11;8;9;8;16;10;9;8;10;8;11;9;10;10;7;10;10;11;10;8;11;10;11;11;10;16;11;8;11;6;9;12;9;7;7;10;10;9;8;6;10;9;10;11;9;11;16;6;11;4;7;11;8;6;5;9;8;7;6;4;8;7;10;9;8;8;6;16;7;6;6;7;4;7;11;11;10;8;10;6;11;10;10;9;10;11;11;7;16;8;10;11;10;9;5;10;10;10;9;9;9;4;5;3;8;6;4;6;8;16;10;4;9;12;3;8;10;11;10;12;11;6;7;6;11;9;7;6;10;10;16;7;11;11;4;8;9;11;9;10;10;11;11;11;9;12;11;7;11;4;7;16;8;6;6;10;9;7;7;5;11;6;6;5;10;9;8;4;10;9;11;8;16;10;2;7;8;10;8;9;10;5;6;4;10;7;6;7;9;12;11;6;10;16;4;8;10;11;10;11;6;6;9;8;7;7;5;11;5;3;4;6;2;4;16;10;8;6;8;3;10;9;11;10;10;10;9;11;10;8;8;10;7;8;10;16;11;10;11;8;10;9;10;9;10;10;8;10;10;10;9;9;8;10;8;11;16;11;11;10;11;7;8;6;11;9;7;8;10;11;11;7;10;11;6;10;11;16;11;11;9;7;8;7;10;8;6;10;9;10;9;7;8;10;8;11;11;11;16;10;9;5;5;3;8;6;4;6;9;12;10;5;9;11;3;8;10;11;10;16
1;0.09;-0.29;0.05;-0.35;0.32;0.7;-0.4;-0.18;-0.25;0.51;0.55;0.39;-0.18;0.1;-0.38;-0.59;-0.11;-0.59;-0.23;0.09;1;-0.1;-0.08;-0.17;0.05;0.09;-0.18;0.15;0.05;0;0.14;-0.1;0.15;-0.18;-0.1;-0.12;0;-0.01;-0.03;-0.29;-0.1;1;0.3;0.04;-0.14;-0.24;0.37;0.04;-0.06;-0.23;-0.19;-0.13;-0.13;-0.1;0.04;0.01;-0.21;0.04;-0.15;0.05;-0.08;0.3;1;-0.1;0.11;0.07;0.08;-0.01;-0.28;0.01;0.13;-0.09;-0.31;0.02;0.02;-0.18;-0.19;-0.19;-0.22;-0.35;-0.17;0.04;-0.1;1;-0.16;-0.34;0.12;-0.04;-0.15;-0.27;-0.25;-0.25;-0.05;0.13;0.31;0.12;0;0.25;-0.1;0.32;0.05;-0.14;0.11;-0.16;1;0.39;-0.28;0.08;-0.13;0.29;0.16;0.22;-0.25;-0.18;-0.23;-0.21;-0.17;-0.28;-0.03;0.7;0.09;-0.24;0.07;-0.34;0.39;1;-0.45;-0.14;-0.14;0.57;0.5;0.36;-0.24;-0.08;-0.41;-0.5;-0.12;-0.57;-0.09;-0.4;-0.18;0.37;0.08;0.12;-0.28;-0.45;1;0.06;-0.23;-0.54;-0.34;-0.29;-0.05;0.1;0.28;0.1;-0.1;0.19;-0.24;-0.18;0.15;0.04;-0.01;-0.04;0.08;-0.14;0.06;1;0.01;-0.09;-0.23;-0.08;0.17;-0.32;-0.05;0.1;-0.01;0.13;-0.11;-0.25;0.05;-0.06;-0.28;-0.15;-0.13;-0.14;-0.23;0.01;1;0.25;-0.17;0.15;0.27;-0.53;-0.34;0.3;0.03;0.13;0.67;0.51;0;-0.23;0.01;-0.27;0.29;0.57;-0.54;-0.09;0.25;1;0.31;0.41;-0.08;-0.25;-0.61;-0.31;-0.12;-0.46;0.23;0.55;0.14;-0.19;0.13;-0.25;0.16;0.5;-0.34;-0.23;-0.17;0.31;1;0.05;-0.16;0.04;-0.18;-0.33;0.02;-0.43;-0.13;0.39;-0.1;-0.13;-0.09;-0.25;0.22;0.36;-0.29;-0.08;0.15;0.41;0.05;1;-0.02;-0.31;-0.48;-0.31;-0.19;-0.31;0.08;-0.18;0.15;-0.13;-0.31;-0.05;-0.25;-0.24;-0.05;0.17;0.27;-0.08;-0.16;-0.02;1;-0.28;-0.13;0.19;0.15;0.24;0.13;0.1;-0.18;-0.1;0.02;0.13;-0.18;-0.08;0.1;-0.32;-0.53;-0.25;0.04;-0.31;-0.28;1;0.35;-0.21;-0.03;-0.13;-0.42;-0.38;-0.1;0.04;0.02;0.31;-0.23;-0.41;0.28;-0.05;-0.34;-0.61;-0.18;-0.48;-0.13;0.35;1;0.33;0.05;0.34;-0.25;-0.59;-0.12;0.01;-0.18;0.12;-0.21;-0.5;0.1;0.1;0.3;-0.31;-0.33;-0.31;0.19;-0.21;0.33;1;0.07;0.46;0.35;-0.11;0;-0.21;-0.19;0;-0.17;-0.12;-0.1;-0.01;0.03;-0.12;0.02;-0.19;0.15;-0.03;0.05;0.07;1;0.06;-0.04;-0.59;-0.01;0.04;-0.19;0.25;-0.28;-0.57;0.19;0.13;0.13;-0.46;-0.43;-0.31;0.24;-0.13;0.34;0.46;0.06;1;0.15;-0.23;-0.03;-0.15;-0.22;-0.1;-0.03;-0.09;-0.24;-0.11;0.67;0.23;-0.13;0.08;0.13;-0.42;-0.25;0.35;-0.04;0.15;1
1;0.11;-0.31;0.07;-0.38;0.36;0.74;-0.41;-0.2;-0.26;0.54;0.6;0.43;-0.19;0.11;-0.4;-0.63;-0.11;-0.63;-0.25;0.11;1;-0.12;-0.08;-0.2;0.1;0.11;-0.21;0.19;0.06;0.03;0.21;-0.09;0.2;-0.21;-0.13;-0.12;0.03;-0.01;-0.04;-0.31;-0.12;1;0.35;0.04;-0.16;-0.27;0.4;0.04;-0.07;-0.24;-0.22;-0.13;-0.12;-0.1;0.06;0.01;-0.24;0.05;-0.16;0.07;-0.08;0.35;1;-0.1;0.13;0.09;0.08;0;-0.29;0.01;0.14;-0.08;-0.35;0.01;0.03;-0.19;-0.22;-0.22;-0.25;-0.38;-0.2;0.04;-0.1;1;-0.16;-0.36;0.13;-0.01;-0.16;-0.29;-0.31;-0.29;-0.07;0.14;0.35;0.15;-0.02;0.29;-0.1;0.36;0.1;-0.16;0.13;-0.16;1;0.42;-0.32;0.12;-0.15;0.35;0.23;0.22;-0.26;-0.18;-0.22;-0.22;-0.18;-0.32;-0.04;0.74;0.11;-0.27;0.09;-0.36;0.42;1;-0.46;-0.14;-0.13;0.62;0.58;0.38;-0.27;0.07;-0.43;-0.54;-0.12;-0.62;-0.09;-0.41;-0.21;0.4;0.08;0.13;-0.32;-0.46;1;0.09;-0.24;-0.56;-0.38;-0.3;-0.05;0.09;0.28;0.11;-0.11;0.2;-0.25;-0.2;0.19;0.04;0;-0.01;0.12;-0.14;0.09;1;0;-0.13;-0.26;-0.06;0.2;-0.34;-0.02;0.09;-0.02;0.14;-0.13;-0.26;0.06;-0.07;-0.29;-0.16;-0.15;-0.13;-0.24;0;1;0.27;-0.18;0.18;0.32;-0.55;-0.37;0.32;0.04;0.15;0.72;0.54;0.03;-0.24;0.01;-0.29;0.35;0.62;-0.56;-0.13;0.27;1;0.36;0.47;-0.08;-0.26;-0.66;-0.36;-0.15;-0.48;0.25;0.6;0.21;-0.22;0.14;-0.31;0.23;0.58;-0.38;-0.26;-0.18;0.36;1;0.09;-0.18;0.04;-0.21;-0.38;0.02;-0.48;-0.16;0.43;-0.09;-0.13;-0.08;-0.29;0.22;0.38;-0.3;-0.06;0.18;0.47;0.09;1;-0.01;-0.32;-0.53;-0.35;-0.19;-0.33;0.11;-0.19;0.2;-0.12;-0.35;-0.07;-0.26;-0.27;-0.05;0.2;0.32;-0.08;-0.18;-0.01;1;-0.31;-0.13;0.21;0.18;0.29;0.16;0.11;-0.21;-0.1;0.01;0.14;-0.18;0.07;0.09;-0.34;-0.55;-0.26;0.04;-0.32;-0.31;1;0.35;-0.21;-0.02;-0.15;-0.44;-0.4;-0.13;0.06;0.03;0.35;-0.22;-0.43;0.28;-0.02;-0.37;-0.66;-0.21;-0.53;-0.13;0.35;1;0.36;0.07;0.36;-0.27;-0.63;-0.12;0.01;-0.19;0.15;-0.22;-0.54;0.11;0.09;0.32;-0.36;-0.38;-0.35;0.21;-0.21;0.36;1;0.12;0.52;0.38;-0.11;0.03;-0.24;-0.22;-0.02;-0.18;-0.12;-0.11;-0.02;0.04;-0.15;0.02;-0.19;0.18;-0.02;0.07;0.12;1;0.11;-0.02;-0.63;-0.01;0.05;-0.22;0.29;-0.32;-0.62;0.2;0.14;0.15;-0.48;-0.48;-0.33;0.29;-0.15;0.36;0.52;0.11;1;0.17;-0.25;-0.04;-0.16;-0.25;-0.1;-0.04;-0.09;-0.25;-0.13;0.72;0.25;-0.16;0.11;0.16;-0.44;-0.27;0.38;-0.02;0.17;1
4;-1;-1;-1;-2;0;0;0;-2;-2;-2;-1;0;-3;-1;0;-1;-3;-3;0;-1;7;-1;-2;-2;1;0;-2;0;-3;-3;2;-4;-4;-2;0;-1;-2;-1;-3;-1;-1;5;2;-6;0;0;-1;2;-3;-3;0;-2;-3;-2;0;0;-5;-1;-4;-1;-2;2;6;-7;0;2;-1;0;-3;-6;-1;-4;-5;-1;0;-1;-6;-3;-4;-2;-2;-6;-7;11;-3;-3;-6;-6;-4;-6;-4;-5;-2;-8;-4;-5;-6;-6;-4;0;1;0;0;-3;6;2;-2;0;-5;-3;1;1;-4;-2;-1;0;-5;-3;-2;0;0;0;2;-3;2;5;-2;-2;-3;-4;1;-2;-4;-1;-1;0;-6;-2;-2;0;-2;-1;-1;-6;-2;-2;5;-3;-5;-5;-3;-4;-6;-2;-1;-3;-4;-3;-4;-2;0;2;0;-6;0;-2;-3;8;-5;-3;0;-2;-2;-3;-2;-2;-3;0;-2;-2;-3;-3;-3;-4;-5;-3;-5;-5;6;2;-3;1;1;-4;-3;-2;-2;-1;2;-2;-3;-3;-6;-6;-3;-4;-5;-3;2;5;-2;3;2;-3;-4;-3;-1;-2;1;-1;2;0;-1;-4;1;1;-3;0;-3;-2;5;-1;-3;-1;-1;0;-3;-2;-3;0;-4;-2;-4;-5;1;-2;-4;-2;1;3;-1;8;0;-6;-4;-2;-2;-1;0;-3;-4;-3;-5;-2;-4;-4;-6;-2;1;2;-3;0;7;-5;-3;-3;2;3;-1;-1;-2;-2;-1;-8;-2;-1;-2;-3;-4;-3;-1;-6;-5;7;-1;-1;-4;-6;-4;0;0;0;0;-4;-1;-1;-1;-2;-3;-4;-1;-4;-3;-1;4;1;-5;-2;-3;-1;-1;0;-1;-5;0;0;-3;-2;-2;-3;0;-2;-3;-1;1;5;-5;-2;-1;-3;-2;-5;-6;-6;-5;-6;-4;-3;-2;-1;-3;-2;2;-4;-5;-5;10;2;-4;-3;-1;-1;-3;-6;-3;-2;-3;0;-1;-2;-2;-1;3;-6;-2;-2;2;7;-1;0;-3;-4;-4;-4;-2;-2;-4;-2;2;1;-3;0;-1;-4;-3;-1;-4;-1;5
1;0.39;0.37;0.299;0.27;0.261;0.3;0.407;0.356;0.476;0.555;0.398;0.207;0.628;0.183;0.193;-0.083;0.081;0.683;0.565;0.39;1;0.266;-0.109;0.273;-0.084;0.375;0.394;0.093;0.305;0.446;0.236;0.374;0.552;-0.037;-0.043;0.037;-0.059;0.201;0.531;0.37;0.266;1;0.037;0.105;0.082;0.206;0.293;0.299;0.452;0.191;0.208;0.438;0.278;0.156;-0.051;0.076;0.277;0.387;0.512;0.299;-0.109;0.037;1;0.035;0.321;0.137;0.25;-0.117;0.242;0.261;0.184;-0.295;0.475;0.008;0.012;0.328;0.578;0.32;0.149;0.27;0.273;0.105;0.035;1;0.191;0.341;0.246;0.527;-0.029;0.501;0.054;-0.006;0.55;0.355;-0.178;0.087;0.174;0.195;0.427;0.261;-0.084;0.082;0.321;0.191;1;0.228;0.494;0.63;0.372;0.251;0.323;0.211;0.364;-0.168;0.404;0.344;0.515;0.207;0.334;0.3;0.375;0.206;0.137;0.341;0.228;1;0.164;0.121;0.212;0.291;0.247;0.128;0.433;-0.216;-0.081;0.22;0.149;0.273;0.444;0.407;0.394;0.293;0.25;0.246;0.494;0.164;1;0.497;0.429;0.327;0.006;0.326;0.455;-0.023;0.015;0.335;0.136;0.372;0.639;0.356;0.093;0.299;-0.117;0.527;0.63;0.121;0.497;1;0.406;0.457;0.072;0.461;0.405;0.304;0.144;0.259;0.232;0.083;0.534;0.476;0.305;0.452;0.242;-0.029;0.372;0.212;0.429;0.406;1;0.57;0.088;0.44;0.532;0.065;0.166;0.385;0.357;0.333;0.641;0.555;0.446;0.191;0.261;0.501;0.251;0.291;0.327;0.457;0.57;1;-0.08;0.112;0.769;0.079;-0.042;0.386;0.268;0.246;0.598;0.398;0.236;0.208;0.184;0.054;0.323;0.247;0.006;0.072;0.088;-0.08;1;0.285;0.217;0.099;0.102;-0.206;0.436;0.436;0.249;0.207;0.374;0.438;-0.295;-0.006;0.211;0.128;0.326;0.461;0.44;0.112;0.285;1;0.111;0.266;0.165;-0.141;-0.075;-0.057;0.278;0.628;0.552;0.278;0.475;0.55;0.364;0.433;0.455;0.405;0.532;0.769;0.217;0.111;1;0.091;-0.012;0.306;0.451;0.428;0.626;0.183;-0.037;0.156;0.008;0.355;-0.168;-0.216;-0.023;0.304;0.065;0.079;0.099;0.266;0.091;1;-0.363;-0.336;-0.118;-0.054;0.02;0.193;-0.043;-0.051;0.012;-0.178;0.404;-0.081;0.015;0.144;0.166;-0.042;0.102;0.165;-0.012;-0.363;1;-0.124;-0.023;-0.093;-0.103;-0.083;0.037;0.076;0.328;0.087;0.344;0.22;0.335;0.259;0.385;0.386;-0.206;-0.141;0.306;-0.336;-0.124;1;0.564;0;0.329;0.081;-0.059;0.277;0.578;0.174;0.515;0.149;0.136;0.232;0.357;0.268;0.436;-0.075;0.451;-0.118;-0.023;0.564;1;0.293;0.378;0.683;0.201;0.387;0.32;0.195;0.207;0.273;0.372;0.083;0.333;0.246;0.436;-0.057;0.428;-0.054;-0.093;0;0.293;1;0.614;0.565;0.531;0.512;0.149;0.427;0.334;0.444;0.639;0.534;0.641;0.598;0.249;0.278;0.626;0.02;-0.103;0.329;0.378;0.614;1
1;0.25;0.138;-0.018;0.799;0.55;-0.116;0;0.523;0.888;0.862;0.281;0.858;0.874;0.656;0.281;0.574;0.825;0.772;0.85;0.25;1;0.558;-0.054;0.113;0.243;0.037;0;0.392;0.108;0.049;0.872;0.058;0.108;0.133;0.804;0.427;0.169;0.266;0.045;0.138;0.558;1;0.452;0.032;0.222;0.408;0;0.305;-0.101;-0.172;0.49;-0.09;-0.072;0.265;0.661;0.519;0.003;0.338;-0.203;-0.018;-0.054;0.452;1;0.015;0.257;0.851;0;0.067;-0.185;-0.249;-0.064;-0.109;-0.107;0.276;0.245;0.382;-0.079;0.225;-0.196;0.799;0.113;0.032;0.015;1;0.418;-0.167;0;0.425;0.717;0.787;0.002;0.912;0.857;0.558;0.104;0.326;0.779;0.817;0.755;0.55;0.243;0.222;0.257;0.418;1;0.254;0;0.614;0.511;0.439;0.377;0.45;0.482;0.598;0.357;0.61;0.478;0.55;0.458;-0.116;0.037;0.408;0.851;-0.167;0.254;1;0;-0.102;-0.135;-0.223;-0.051;-0.18;-0.187;0.097;0.204;0.287;-0.216;0.036;-0.186;0;0;0;0;0;0;0;0;0;0;0;0;0;0;0;0;0;0;0;0;0.523;0.392;0.305;0.067;0.425;0.614;-0.102;0;1;0.378;0.289;0.488;0.441;0.511;0.651;0.568;0.399;0.46;0.492;0.284;0.888;0.108;-0.101;-0.185;0.717;0.511;-0.135;0;0.378;1;0.96;0.099;0.842;0.893;0.572;0.083;0.382;0.792;0.573;0.946;0.862;0.049;-0.172;-0.249;0.787;0.439;-0.223;0;0.289;0.96;1;-0.004;0.881;0.927;0.504;0.003;0.346;0.843;0.625;0.973;0.281;0.872;0.49;-0.064;0.002;0.377;-0.051;0;0.488;0.099;-0.004;1;-0.044;0.061;0.206;0.745;0.54;0.111;0.182;0.024;0.858;0.058;-0.09;-0.109;0.912;0.45;-0.18;0;0.441;0.842;0.881;-0.044;1;0.903;0.523;0.054;0.313;0.785;0.764;0.874;0.874;0.108;-0.072;-0.107;0.857;0.482;-0.187;0;0.511;0.893;0.927;0.061;0.903;1;0.661;0.152;0.41;0.907;0.743;0.909;0.656;0.133;0.265;0.276;0.558;0.598;0.097;0;0.651;0.572;0.504;0.206;0.523;0.661;1;0.2;0.435;0.597;0.632;0.462;0.281;0.804;0.661;0.245;0.104;0.357;0.204;0;0.568;0.083;0.003;0.745;0.054;0.152;0.2;1;0.601;0.204;0.307;0.005;0.574;0.427;0.519;0.382;0.326;0.61;0.287;0;0.399;0.382;0.346;0.54;0.313;0.41;0.435;0.601;1;0.471;0.54;0.396;0.825;0.169;0.003;-0.079;0.779;0.478;-0.216;0;0.46;0.792;0.843;0.111;0.785;0.907;0.597;0.204;0.471;1;0.802;0.835;0.772;0.266;0.338;0.225;0.817;0.55;0.036;0;0.492;0.573;0.625;0.182;0.764;0.743;0.632;0.307;0.54;0.802;1;0.632;0.85;0.045;-0.203;-0.196;0.755;0.458;-0.186;0;0.284;0.946;0.973;0.024;0.874;0.909;0.462;0.005;0.396;0.835;0.632;1
8;2;1;0;5;2;0;2;4;5;5;2;5;5;3;2;3;4;4;5;2;8;2;-1;0;0;0;2;2;0;0;6;0;0;1;3;2;0;0;0;1;2;8;3;0;1;3;2;2;0;0;2;0;1;3;3;3;0;2;0;0;-1;3;8;0;2;4;0;0;0;0;0;0;0;1;2;4;0;1;0;5;0;0;0;8;3;0;1;4;4;5;0;5;6;4;1;1;5;4;5;2;0;1;2;3;8;2;2;4;2;3;1;2;3;2;2;3;2;2;3;0;0;3;4;0;2;8;-1;0;0;0;1;0;0;0;2;3;0;1;0;2;2;2;0;1;2;-1;8;0;0;1;-1;2;0;0;1;1;-1;0;2;4;2;2;0;4;4;0;0;8;3;2;3;3;4;4;3;2;3;3;2;5;0;0;0;4;2;0;0;3;8;6;1;5;5;3;0;1;4;4;6;5;0;0;0;5;3;0;1;2;6;8;0;6;6;2;0;1;4;4;6;2;6;2;0;0;1;1;-1;3;1;0;8;0;1;1;3;3;1;1;0;5;0;0;0;5;2;0;2;3;5;6;0;8;5;3;0;1;4;4;6;5;0;1;0;6;3;0;0;4;5;6;1;5;8;3;0;2;6;4;5;3;1;3;1;4;2;0;0;4;3;2;1;3;3;8;1;2;3;3;2;2;3;3;2;1;2;2;1;3;0;0;3;0;0;1;8;4;1;2;0;3;2;3;4;1;3;3;1;2;1;1;3;1;2;2;4;8;2;3;2;4;0;0;0;5;2;0;-1;3;4;4;1;4;6;3;1;2;8;5;5;4;0;2;1;4;2;1;0;3;4;4;1;4;4;3;2;3;5;8;5;5;0;0;0;5;3;0;2;2;6;6;0;6;5;2;0;2;5;5;8
2.2;1.5;1.3;0.2;-1.5;1.8;1.7;0.6;-0.6;1.7;1.3;1.4;1;0.6;-0.2;2;1.9;-0.9;0.2;2;1.5;2.2;1.2;-0.1;-1.5;2;1.9;0.1;-0.4;1.4;1.2;2.1;1.1;0.4;-0.3;2;1.9;-0.8;0.8;1.5;1.3;1.2;2.2;0.8;-1.6;1.6;1.4;0.2;-0.3;0.9;0.8;1;0;0.4;-1;1.9;1.1;-1.1;-0.1;1.1;0.2;-0.1;0.8;2.2;-1.7;0.6;1;-0.4;-1.3;0;-0.2;0.1;-0.5;-0.3;-1.2;0.7;0;-1.4;-0.4;0;-1.5;-1.5;-1.6;-1.7;2.2;-1.4;-1.5;-1.7;-1.8;-1.6;-1.5;-1.6;-1.6;-1.6;-1.8;-1.3;-1.4;-1.8;-1.1;-1.4;1.8;2;1.6;0.6;-1.4;2.2;2.1;0.2;-0.5;1.4;1.1;1.7;1.2;0.7;-0.6;1.8;1.7;-1;0.5;1.5;1.7;1.9;1.4;1;-1.5;2.1;2.2;0.3;-0.6;1.5;0.9;1.4;0.6;0.6;-0.1;1.8;1.6;-1;0.2;1.6;0.6;0.1;0.2;-0.4;-1.7;0.2;0.3;2.2;-1.2;0;-0.2;-0.1;-0.4;-0.4;-1.2;0.7;0.2;-1.3;-0.2;0.1;-0.6;-0.4;-0.3;-1.3;-1.8;-0.5;-0.6;-1.2;2.2;-0.8;-0.9;-1;-1.2;-1.1;-1.6;-0.4;-0.9;-1.7;-0.8;-0.7;1.7;1.4;0.9;0;-1.6;1.4;1.5;0;-0.8;2.2;2.1;1;0.9;1;-0.6;1.6;1.6;-0.7;0.4;2.2;1.3;1.2;0.8;-0.2;-1.5;1.1;0.9;-0.2;-0.9;2.1;2.2;0.7;1.8;1;-0.8;1.3;1.2;-0.8;0.5;2;1.4;2.1;1;0.1;-1.6;1.7;1.4;-0.1;-1;1;0.7;2.2;0.4;0.1;-0.7;1.4;1.2;-1.1;0.5;1.2;1;1.1;0;-0.5;-1.6;1.2;0.6;-0.4;-1.2;0.9;1.8;0.4;2.2;-0.2;-1.2;0.6;0.8;-1.3;-0.2;0.8;0.6;0.4;0.4;-0.3;-1.6;0.7;0.6;-0.4;-1.1;1;1;0.1;-0.2;2.2;-1.1;0.5;0.3;-0.9;2;0.8;-0.2;-0.3;-1;-1.2;-1.8;-0.6;-0.1;-1.2;-1.6;-0.6;-0.8;-0.7;-1.2;-1.1;2.2;-0.3;-0.5;-1.6;-1.2;-0.6;2;2;1.9;0.7;-1.3;1.8;1.8;0.7;-0.4;1.6;1.3;1.4;0.6;0.5;-0.3;2.2;2.1;-0.8;0.4;1.8;1.9;1.9;1.1;0;-1.4;1.7;1.6;0.2;-0.9;1.6;1.2;1.2;0.8;0.3;-0.5;2.1;2.2;-1;0.3;1.6;-0.9;-0.8;-1.1;-1.4;-1.8;-1;-1;-1.3;-1.7;-0.7;-0.8;-1.1;-1.3;-0.9;-1.6;-0.8;-1;2.2;-0.6;-0.7;0.2;0.8;-0.1;-0.4;-1.1;0.5;0.2;-0.2;-0.8;0.4;0.5;0.5;-0.2;2;-1.2;0.4;0.3;-0.6;2.2;0.3;2;1.5;1.1;0;-1.4;1.5;1.6;0.1;-0.7;2.2;2;1.2;0.8;0.8;-0.6;1.8;1.6;-0.7;0.3;2.2
100;-2;-8;3;4;0;12;-3;-10;-17;-6;2;-2;-8;-2;10;-3;-12;-18;-12;-2;100;11;2;-12;26;11;-6;0;-25;-24;24;0;-11;-4;-10;-5;-7;0;-18;-8;11;100;32;-7;12;13;10;8;-32;-35;17;-12;-23;8;1;12;-6;-13;-30;3;2;32;100;-20;8;34;8;10;-39;-40;10;-16;-31;1;7;11;-20;-22;-32;4;-12;-7;-20;100;-8;-18;-1;3;12;15;-14;2;11;-3;-6;-4;8;5;8;0;26;12;8;-8;100;37;-10;-4;-20;-26;26;-12;-22;0;-7;-10;-3;-23;-12;12;11;13;34;-18;37;100;-5;-8;-36;-40;24;-17;-40;-7;-10;-12;-10;-28;-20;-3;-6;10;8;-1;-10;-5;100;-8;-21;-16;-11;-10;-12;4;9;-13;-13;-18;-14;-10;0;8;10;3;-4;-8;-8;100;3;-9;-4;-8;-10;-2;-3;-7;-6;12;-10;-17;-25;-32;-39;12;-20;-36;-21;3;100;46;-17;18;32;-18;-17;-5;12;29;46;-6;-24;-35;-40;15;-26;-40;-16;-9;46;100;-33;24;36;-16;-11;-11;8;16;26;2;24;17;10;-14;26;24;-11;-4;-17;-33;100;-19;-26;-2;-10;-8;-10;-21;-14;-2;0;-12;-16;2;-12;-17;-10;-8;18;24;-19;100;20;-10;-10;-8;12;8;10;-8;-11;-23;-31;11;-22;-40;-12;-10;32;36;-26;20;100;-2;0;4;8;24;16;-2;-4;8;1;-3;0;-7;4;-2;-18;-16;-2;-10;-2;100;15;2;-9;-9;-18;10;-10;1;7;-6;-7;-10;9;-3;-17;-11;-10;-10;0;15;100;24;-18;-16;-16;-3;-5;12;11;-4;-10;-12;-13;-7;-5;-11;-8;-8;4;2;24;100;-8;-2;-4;-12;-7;-6;-20;8;-3;-10;-13;-6;12;8;-10;12;8;-9;-18;-8;100;6;14;-18;0;-13;-22;5;-23;-28;-18;12;29;16;-21;8;24;-9;-16;-2;6;100;17;-12;-18;-30;-32;8;-12;-20;-14;-10;46;26;-14;10;16;-18;-16;-4;14;17;100
14;1;1;0;5;0;2;5;-2;-6;-2;1;2;-4;2;1;-2;-2;-2;-5;1;16;10;13;-9;16;13;0;4;-11;-8;21;-1;-8;2;6;5;-3;-1;-11;1;10;15;16;-4;13;10;8;5;-11;-9;12;-3;-9;11;7;4;-5;-3;-11;0;13;16;26;-8;16;15;7;8;-14;-11;16;-7;-10;11;8;4;-5;-4;-13;5;-9;-4;-8;18;-10;-8;1;-2;2;1;-11;0;2;0;-1;-5;-1;-1;3;0;16;13;16;-10;21;17;0;6;-12;-9;22;-2;-10;1;6;6;-3;-3;-12;2;13;10;15;-8;17;11;1;4;-11;-8;17;1;-7;5;6;3;-6;-1;-12;5;0;8;7;1;0;1;24;6;-10;-9;-1;-3;-4;13;8;1;-1;-2;-8;-2;4;5;8;-2;6;4;6;7;-4;-5;3;-1;-1;4;3;4;3;0;-4;-6;-11;-11;-14;2;-12;-11;-10;-4;10;8;-13;2;6;-14;-8;-4;4;2;9;-2;-8;-9;-11;1;-9;-8;-9;-5;8;9;-10;5;5;-12;-7;-6;2;0;5;1;21;12;16;-11;22;17;-1;3;-13;-10;28;-4;-11;5;6;7;-8;-3;-14;2;-1;-3;-7;0;-2;1;-3;-1;2;5;-4;2;2;-10;-5;-4;2;1;0;-4;-8;-9;-10;2;-10;-7;-4;-1;6;5;-11;2;8;-6;-5;-4;5;3;5;2;2;11;11;0;1;5;13;4;-14;-12;5;-10;-6;51;6;5;-5;-5;-7;1;6;7;8;-1;6;6;8;3;-8;-7;6;-5;-5;6;9;5;-4;-1;-6;-2;5;4;4;-5;6;3;1;4;-4;-6;7;-4;-4;5;5;10;-2;0;-3;-2;-3;-5;-5;-1;-3;-6;-1;3;4;2;-8;2;5;-5;-4;-2;8;2;4;-2;-1;-3;-4;-1;-3;-1;-2;0;2;0;-3;1;3;-5;-1;0;2;4;2;-5;-11;-11;-13;3;-12;-12;-8;-4;9;5;-14;0;5;-7;-6;-3;4;2;11
8;1;0;0;2;1;1;1;-2;-3;0;1;1;-2;-1;0;-2;-1;-1;-4;1;11;7;9;-7;12;10;0;2;-10;-7;14;-2;-8;1;4;2;-4;-3;-10;0;7;11;12;-5;10;8;7;2;-11;-9;10;-4;-9;8;6;2;-4;-4;-11;0;9;12;16;-8;13;10;8;4;-12;-10;11;-6;-9;7;6;3;-4;-5;-12;2;-7;-5;-8;14;-9;-6;0;-1;4;2;-10;1;3;-2;-2;-3;0;0;5;1;12;10;13;-9;17;13;0;2;-12;-9;16;-3;-10;0;4;2;-5;-4;-12;1;10;8;10;-6;13;8;0;1;-10;-7;13;0;-7;0;3;1;-5;-1;-11;1;0;7;8;0;0;0;18;5;-8;-8;0;-5;-3;10;6;1;-1;-1;-7;-2;2;2;4;-1;2;1;5;5;-3;-4;2;-2;-1;3;2;3;-1;0;-3;-3;-10;-11;-12;4;-12;-10;-8;-3;11;8;-12;3;7;-9;-7;-2;4;3;11;0;-7;-9;-10;2;-9;-7;-8;-4;8;10;-9;6;6;-9;-6;-4;3;2;6;1;14;10;11;-10;16;13;0;2;-12;-9;20;-5;-10;1;4;2;-7;-4;-13;1;-2;-4;-6;1;-3;0;-5;-2;3;6;-5;4;3;-9;-5;-3;2;2;1;-2;-8;-9;-9;3;-10;-7;-3;-1;7;6;-10;3;8;-5;-5;-3;4;3;7;-1;1;8;7;-2;0;0;10;3;-9;-9;1;-9;-5;33;5;3;-4;-4;-5;0;4;6;6;-2;4;3;6;2;-7;-6;4;-5;-5;5;7;4;-3;-1;-5;-2;2;2;3;-3;2;1;1;3;-2;-4;2;-3;-3;3;4;6;-1;0;-1;-1;-4;-4;-4;0;-5;-5;-1;-1;4;3;-7;2;4;-4;-3;-1;6;2;4;-1;-3;-4;-5;0;-4;-1;-1;0;3;2;-4;2;3;-4;-1;0;2;3;2;-4;-10;-11;-12;5;-12;-11;-7;-3;11;6;-13;1;7;-5;-5;-1;4;2;12
100;13;60;33;98;64;39;96;71;91;93;35;89;87;89;94;98;98;94;94;13;100;53;81;11;49;74;17;42;4;6;78;2;0;24;19;16;11;19;7;60;53;100;73;58;96;79;64;89;51;52;75;49;47;71;66;63;58;66;54;33;81;73;100;30;68;94;36;61;23;25;98;21;19;44;39;35;31;38;26;98;11;58;30;100;62;36;94;69;93;95;33;91;89;86;91;95;99;92;96;64;49;96;68;62;100;74;68;93;55;57;71;53;51;76;71;67;63;70;58;39;74;79;94;36;74;100;43;68;29;31;96;27;26;50;45;41;37;44;33;96;17;64;36;94;68;43;100;75;87;89;39;85;83;93;98;99;94;98;90;71;42;89;61;69;93;68;75;100;62;64;64;60;58;83;78;74;69;77;65;91;4;51;23;93;55;29;87;62;100;98;26;98;96;79;84;88;93;85;97;93;6;52;25;95;57;31;89;64;98;100;27;96;94;81;86;90;94;87;99;35;78;75;98;33;71;96;39;64;26;27;100;24;22;46;41;38;33;41;29;89;2;49;21;91;53;27;85;60;98;96;24;100;98;78;83;86;91;83;95;87;0;47;19;89;51;26;83;58;96;94;22;98;100;76;81;84;89;81;93;89;24;71;44;86;76;50;93;83;79;81;46;78;76;100;95;91;87;94;83;94;19;66;39;91;71;45;98;78;84;86;41;83;81;95;100;96;92;99;88;98;16;63;35;95;67;41;99;74;88;90;38;86;84;91;96;100;96;97;91;98;11;58;31;99;63;37;94;69;93;94;33;91;89;87;92;96;100;93;96;94;19;66;38;92;70;44;98;77;85;87;41;83;81;94;99;97;93;100;88;94;7;54;26;96;58;33;90;65;97;99;29;95;93;83;88;91;96;88;100
4;-1;0;-2;0;0;-3;-1;0;0;0;-1;1;0;0;0;0;0;0;1;-1;4;0;-1;-1;0;-1;-1;0;-2;-1;2;0;-2;0;-1;0;0;-1;-2;0;0;4;0;0;1;0;0;0;-1;-1;0;0;-1;0;1;1;-1;0;-1;-2;-1;0;4;-2;-1;0;-2;-1;-4;-3;-1;-1;-4;-1;-1;-1;-3;-3;-3;0;-1;0;-2;4;0;-2;0;0;0;0;-2;1;0;-1;0;0;0;0;0;0;0;1;-1;0;4;0;0;0;0;0;0;1;0;0;0;1;0;1;-1;-3;-1;0;0;-2;0;4;-2;-1;-4;-3;-1;-1;-4;-1;-2;-1;-2;-4;-4;-1;-1;0;-2;0;0;-2;4;-1;-2;-1;-1;0;-2;0;0;0;-2;-2;-2;0;0;0;-1;0;0;-1;-1;4;-1;-1;0;0;0;0;-1;-1;0;0;-1;0;-2;-1;-4;0;0;-4;-2;-1;4;1;-2;2;0;0;-1;0;0;0;2;0;-1;-1;-3;0;0;-3;-1;-1;1;4;-2;2;1;0;-1;0;1;0;1;-1;2;0;-1;-2;0;-1;-1;0;-2;-2;4;0;-2;0;0;0;-2;-2;-3;1;0;0;-1;1;1;-1;0;0;2;2;0;4;2;1;0;0;2;0;1;0;-2;-1;-4;0;0;-4;-2;0;0;1;-2;2;4;0;-2;-2;2;1;0;0;0;0;-1;-1;0;-1;0;0;0;0;0;1;0;4;0;0;0;-1;0;0;-1;1;-1;0;0;-2;0;-1;-1;-1;0;0;-2;0;4;1;-1;-1;-1;0;0;1;-1;0;1;-1;0;-1;0;0;0;0;-2;0;1;4;-1;-1;0;0;0;-1;-3;0;0;-2;-2;0;0;1;-2;2;2;0;-1;-1;4;1;0;0;-1;0;-3;0;1;-4;-2;0;0;0;-2;0;1;-1;-1;-1;1;4;0;1;-2;-1;-3;0;-1;-4;-2;-1;2;1;-3;1;0;0;-1;0;0;0;4
0;0;2;0;0;1;-2;-1;2;1;1;0;2;2;1;-1;0;3;2;1;0;-1;0;1;2;-1;-1;1;0;1;1;0;1;1;2;0;1;3;1;1;2;0;-2;-1;3;1;0;0;-1;2;2;0;2;2;2;0;1;3;2;2;0;1;-1;-2;1;-1;-2;-1;0;-1;1;0;2;-1;0;-1;0;1;0;0;0;2;3;1;-5;3;2;3;3;1;1;1;2;2;2;1;1;2;2;1;1;-1;1;-1;3;-1;-2;2;0;3;2;-1;1;3;1;0;2;2;2;1;-2;-1;0;-2;2;-2;-1;0;-1;-1;0;-2;1;-1;0;-2;0;1;-2;-2;-1;1;0;-1;3;2;0;-2;1;2;3;1;3;1;2;0;2;0;1;1;2;0;-1;0;3;0;-1;1;-4;2;2;1;2;1;2;0;1;2;-2;2;1;1;2;-1;1;3;-1;2;2;0;-1;1;1;0;3;1;1;3;1;-1;1;1;2;1;1;2;0;3;2;-1;0;0;0;1;3;1;1;3;1;0;0;0;0;0;1;-1;-2;1;1;1;0;-1;1;1;1;0;1;1;0;-1;2;1;2;2;2;1;1;3;2;1;0;1;-1;2;3;1;1;3;1;0;2;1;2;-1;2;3;-1;1;1;0;1;1;2;-2;4;0;0;-1;0;1;1;2;2;0;2;1;0;2;2;3;3;1;3;4;-3;1;1;4;2;2;-1;0;0;-1;1;0;-2;0;0;1;1;0;1;0;1;0;0;2;1;1;0;1;1;0;1;2;0;2;1;1;1;1;1;0;1;0;-1;1;1;0;3;3;3;1;2;2;1;0;2;3;3;1;3;-1;4;2;1;-7;-1;3;2;1;2;0;2;2;-2;1;-2;1;1;0;1;0;2;1;1;-1;-3;1;1;1;2;0;1;1;-2;1;2;-1;0;-1;0;1;2;1;0;3;1;0
36;-9;-19;-20;6;-3;-10;4;-19;-5;-7;-10;-9;-19;-5;12;0;-29;-19;6;-9;56;4;-18;-29;12;3;-18;3;-28;-20;31;-10;-30;-18;-11;-8;-29;-15;-32;-19;4;59;18;-30;2;3;7;12;-32;-32;1;-19;-29;-17;10;0;-39;-19;-31;-20;-18;18;65;-30;2;20;-10;-7;-34;-43;-4;-30;-33;-7;4;-10;-40;-20;-31;6;-29;-30;-30;99;-30;-39;-29;-29;-6;-6;-29;-8;-18;-30;-10;-7;-18;-18;-6;-3;12;2;2;-30;46;19;-20;3;-30;-23;15;1;-29;-11;0;-7;-19;-9;-19;-10;3;3;20;-39;19;40;-23;2;-33;-31;14;-21;-32;-7;-1;-6;-29;-21;-28;4;-18;7;-10;-29;-20;-23;67;-18;-41;-42;-18;-30;-32;-18;2;-17;-19;-29;-30;-19;3;12;-7;-29;3;2;-18;86;-28;-27;-7;-19;-8;-18;-9;-20;-18;20;-29;-5;-28;-32;-34;-6;-30;-33;-41;-28;35;28;-31;12;8;-30;-20;-8;-28;-8;35;-7;-20;-32;-43;-6;-23;-31;-42;-27;28;32;-21;24;17;-33;-22;-13;-15;-2;18;-10;31;1;-4;-29;15;14;-18;-7;-31;-21;37;-12;-29;-10;3;-8;-30;-17;-23;-9;-10;-19;-30;-8;1;-21;-30;-19;12;24;-12;51;2;-21;-10;-7;-8;-9;10;-19;-30;-29;-33;-18;-29;-32;-32;-8;8;17;-29;2;57;-39;-19;-18;14;37;0;-5;-18;-17;-7;-30;-11;-7;-18;-18;-30;-33;-10;-21;-39;74;-8;-11;-38;-28;-18;12;-11;10;4;-10;0;-1;2;-9;-20;-22;3;-10;-19;-8;36;18;-29;-19;-22;0;-8;0;-10;-7;-7;-6;-17;-20;-8;-13;-8;-7;-18;-11;18;48;-19;-17;6;-29;-29;-39;-40;-18;-19;-29;-19;-18;-28;-15;-30;-8;14;-38;-29;-19;110;22;-28;-19;-15;-19;-20;-18;-9;-21;-29;20;-8;-2;-17;-9;37;-28;-19;-17;22;69;-9;6;-32;-31;-31;-6;-19;-28;-30;-29;35;18;-23;10;0;-18;-22;6;-28;-9;38
